id,question,a,b,c,d,correct
0,Which of the following is NOT an anxiety disorder?,panic disorder,hypochondriasis,agoraphobia,post-traumatic stress disorder,1
1,"For which of these two scenarios does the main character (who uses I/me/my) do something clearly morally wrong, according to ordinary moral standards in the US as of 2020? Scenario 1 | My terrified little brother swears there's a monster in his closet, so I tell him he's wrong. Scenario 2 | I saw her put the drinks in the purse before checking out.","Wrong, Wrong","Wrong, Not wrong","Not wrong, Wrong","Not wrong, Not wrong",2
2,"What proportion of vegans is likely to be deficient in vitamin B12?
",3%,32%,66%,15%,1
3,"This question refers to the following information.
From this moment until that in which the enemy shall have been driven from the soil of the Republic, all Frenchmen are in permanent requisition for the service of the armies. The young men shall go to battle; the married men shall forge arms and transport provisions; the women shall make tents and clothing and shall serve in the hospitals; the children shall turn old linen into lint; the aged shall betake themselves to the public places in order to arouse the courage of the warriors and preach the hatred of kings and the unity of the Republic. …
The Committee of Public Safety is charged to take all necessary measures to set up without delay an extraordinary manufacture of arms of every sort which corresponds with the ardor and energy of the French people. It is, accordingly, authorized to form all the establishments, factories, workshops, and mills which shall be deemed necessary for the carrying on of these works, as well as to put in requisition, within the entire extent of the Republic, the artists and workingmen who can contribute to their success.
The representatives of the people sent out for the execution of the present law shall have the same authority in their respective districts, acting in concert with the Committee of Public Safety; they are invested with the unlimited powers assigned to the representatives of the people to the armies.
The Levée en Masse, August 23, 1793
This passage established",the French Republic,the Committee of Public Safety,war against the Coalition,mass conscription,3
4,Which of the following can affect the value of the correlation r?,A change in measurement units,A change in which variable is called x and which is called y,Adding the same constant to all values of the x-variable,None of the above can affect the r value.,3
5,How many eyes does a Giraffe have?,one,two,three,four,1
6,"For which of these two scenarios does the main character (who uses I/me/my) do something clearly morally wrong, according to ordinary moral standards in the US as of 2020? Scenario 1 | I didn't tell her her house was on fire, because I can't stand her drama. Scenario 2 | I was playing catch with my dog then I aimed the baseball directly toward the dog's head.","Wrong, Wrong","Wrong, Not wrong","Not wrong, Wrong","Not wrong, Not wrong",0
7,"For which of these two scenarios does the main character (who uses I/me/my) do something clearly morally wrong, according to ordinary moral standards in the US as of 2020? Scenario 1 | I stuffed popcorn into the zipper bag. Scenario 2 | I consoled my sick and helpless dog after he vomited on the carpet.","Wrong, Wrong","Wrong, Not wrong","Not wrong, Wrong","Not wrong, Not wrong",3
8,"To which characteristic of American government does the term ""federalism"" refer?",The system of checks and balances within the national government,The power of the Supreme Court to review the constitutionality of laws,The Bill of Rights' protection of the rights of the accused,The division and sharing of power between the national and state governments,3
9,The rise of ___________ has led marketing to evolve away from a hierarchical one-sided mass communication model towards more participatory technologies (e.g. social channels and online communities).,Website.,Social media.,Web 1.0.,Web platform.,1
10,Which of the following lessens the impact of expansionary fiscal policy?,An increase in the marginal propensity to consume.,Lower interest rates that cause a decrease in net exports.,Higher interest rates that cause an increase in net exports.,Higher interest rates that decrease private investment.,3
11,Cellular uptake of cholesterol occurs through internalization of low density lipoproteincholesterol complexes. Cholesterol uptake involves all of the following EXCEPT,cell-surface receptors,adhesion plaques,endosome formation,receptor-mediated endocytosis,1
12,What is true about the rotation of a solid disk?,The velocity is the same on every point on the disk,The part closer to the axis has a longer period,The period of rotation is the same on every point on the disk,The part closer to the axis has a shorter period,2
13,"This question refers to the following information.
""After all the slaves had been brought together and severally marked with the letter G, the emperor's fifths and then Cortés' were deducted before we were aware of it; and, besides this, on the night preceding, the finest of the Indian females had been secretly set apart, so that when it came to a division among us soldiers, we found none left but old and ugly women&….Another soldier asked Cortés if the division he had made of the gold in Mexico was not a sufficient imposition, for, at first, he had merely spoken of 300,000 pesos, but when we were obliged to retreat from the city, it was estimated at 700,000 pesos. And now he was going to deprive the poor soldier, who had undergone so many hardships, and suffered from innumerable wounds, of this small remuneration, and not even allow him a pretty Indian female for a companion&…
[Later], when Cortés learnt that there were still a great many bars of gold among the men, and heavy gambling in consequence, (for, according to the old saying, gold and love cannot lie long concealed,) he made known, under threats of severe punishment, that everyone should produce the gold he had obtained on the night of our retreat, of which one third was to be returned to him; but that anyone who refused to pay this, should have the whole taken from him. Many of our men refused downright to comply with this; yet Cortés managed to extort a good deal of it under the pretence of a loan&…""
The Memoirs of the Conquistador Bernal Diaz del Castillo, 1568
Upon the return of Cortés's expedition, which of the following was a consequence of the actions described in the memoir?",A decentralized political state,A strengthened agricultural sector,An increased rate of inflation,Less tolerance for Jews and Muslims,2
14,"Susan reads a book at a rate of 1 page every 3 minutes. If her reading rate remains the same, which method could be used to determine the number of minutes for her to read 18 pages?",add 18 and 3,divide 18 by 3,multiply 3 by 18,subtract 3 from 18,2
15,A 50.0 mL sample of 0.0025 M HBr is mixed with 50.0 mL of 0.0023 M KOH. What is the pH of the resulting mixture?,1,4,5,11,1
16,In which of the following situations is the defendant most likely guilty of manslaughter?,"A defendant was a guide on a nature walk in a national park. The group was traversing a mountainous path when a mountain lion suddenly appeared. The defendant, who was carrying a loaded gun, knew that mountain lions and coyotes were in the area. The defendant saw that the mountain lion was about to attack one of the hikers. Although the defendant could have easily shot and killed it, he did nothing. The wild animal pounced on the hiker. As she was being savaged, the defendant and the other members of the group ran to safety.","A defendant, a registered nurse, asked her friend out to lunch. While eating, the friend suddenly began choking on a chicken bone. The defendant did nothing to help her friend. The friend choked to death.","A defendant, a physician, was walking home from his office one afternoon when he saw a car hit a man who was trying to cross the street. The victim was knocked to the ground and seriously injured, while the car sped away. The defendant, who could have saved the man's life if he had treated him, continued walking home without rendering assistance. The man died from loss of blood.","A defendant took his four-year-old daughter out in the yard to play. As they were playing catch, the telephone began to ring. The defendant ran into the house to answer the phone. While he was inside, the daughter's ball rolled into the street. As she went to retrieve it, the daughter was struck and killed by a car.",0
17,The highest ocean tides occur when Earth and the Moon are,lined up with the Sun,at right angles to the Sun,at any angle to the Sun,lined up during spring,0
18,"Which of the following statements about circuits is (are) true?
I. Combinational circuits may have feedback; sequential circuits do not.
II. Combinational circuits have a ""memoryless"" property; sequential circuits do not.
III. Both sequential and combinational circuits must be controlled by an external clock.",I only,II only,I and II only,II and III only,1
19,Which statement best describes one of Dworkin's central arguments in Justice for Hedgehogs?,Morality plays no role in the concept of law.,Moral arguments operate only in hard cases.,The law dictates what moral values should affect our ethical behaviour.,Moral values are both independent and objective.,3
20,"Which of the following could lead to iodine deficiency?
",Low intake of fruits and vegetables,Intake only of locally grown food in central Africa,Insufficient caloric intake,Inadequate sunlight exposure,1
21,"A man and woman lived together but were never married. They bought a house together but the deed went in the man's name alone due to better credit and ability to obtain a mortgage in his name. He worked as a school vice-principal. She gave up her night law school classes to stay home and be a homemaker. She worked as a waitress and paid for all household expenses, food, laundry and other items. He paid for the mortgage, taxes, utilities, insurance, repairs and other expenses. After several years, they became estranged and the man ordered the woman out of the house. She moved out and brought an action to obtain one-half of the home's equity value and a share of the other property and accounts built up in the man's name during the marriage. Which of the following is the best and strongest argument that the woman may assert to obtain a fair share of the property?",There is an express contract between them to share the property equally.,He has been unjustly enriched and he owes her restitution under a quasi-contract legal theory.,She is entitled to damages based on a legal theory of fraudulent conversion.,She is may be remunerated under the federal civil rights laws prohibiting gender discrimination.,1
22,"Clifford and Lucia Pauling, in Senior View, told us that physical changes",Are rapid and frightening,Can be offset by meditation,Take a long time,Should not be discussed in public,2
23,"An epidemic involving 10 individuals of all ages occurs in a migrant worker camp. None of the patients has had any form of immunization. Most cases present with fever, chills, tachypnea, sore throat, swollen glands, and severe malaise. One patient dies from respiratory complications, and another dies from myocardial involvement. A gram-positive rod is isolated from the respiratory tracts of 7 of the patients. The most likely cause of the outbreak is",Bordetella pertussis,Corynebacterium diphtheriae,Epstein-Barr virus,Haemophilus influenzae,1
24,Another name for the fallacy of accident is,Sweeping generalization,Black-or-white fallacy,Petitio principii,False dichotomy,0
25,Which of these statements defines the Copenhagen School's view of security?,"Security is a socially constructed concept, relative to the society in which it exists, and what will constitute an existential threat is accordingly subjective.","Security is best defined using the traditional paradigm, with the state as the referent object to be secured using extraordinary measures where possible.","To best understand security one must adopt a constructivist approach, threats exist only when articulated by a wider audience and may warrant the implementation of emergency measures.","Security exists as an empirically verifiable and independent condition that changes only slightly, if at all, with regards to the social context in which it is applied.",0
26,"For which of these two scenarios does the main character (who uses I/me/my) do something clearly morally wrong, according to ordinary moral standards in the US as of 2020? Scenario 1 | I swerved toward the pedestrian walking along the busy roadway. Scenario 2 | The military submarine interior had a small hole in it that water was coming through, so ran to tell my superior after quickly putting a band aid over it.","Wrong, Wrong","Wrong, Not wrong","Not wrong, Wrong","Not wrong, Not wrong",1
27,"For which of these two scenarios does the main character (who uses I/me/my) do something clearly morally wrong, according to ordinary moral standards in the US as of 2020? Scenario 1 | I called into work because I didn't want to work. Scenario 2 | I called the cops on the man who hit no one","Wrong, Wrong","Wrong, Not wrong","Not wrong, Wrong","Not wrong, Not wrong",0
28,Which among the following is the least strong security encryption standard?,WEP,WPA,WPA2,WPA3,0
29,"The state constitution in one state guaranteed the right to marry to same-sex and opposite-sex couples alike. A political group got a proposition on the ballot, and a majority of the people voted to eliminate the right of same-sex couples to marry. The proposition did not affect any of the other rights that same-sex couples may have possessed from existing state law. Persons affected sued the state government for unconstitutionally taking away the rights that they had and doing it for no legitimate purpose, in violation of the due process clause of the Fourteenth Amendment. Will the court grant the requests of the lawsuit and declare the proposition void and reinstate the rights of same-sex couples to marry?","Yes, under the due process clause no compelling state interest justifies denying same-sex couples the fundamental right to marry.","Yes, because under the Fourth Amendment it would be an illegal interference against the right of privacy guaranteed to everyone.","No, because the people voted to take a provision out of the existing constitution and when that is done by public vote it cannot be altered.","No, because the ballot proposition was properly placed on the ballot and all statutory procedures were followed, thus precluding the courts from taking adverse action.",0
30,"Of the following, which gives the best upper bound for the value of f(N) where f is a solution to the recurrence f(2N + 1) = f(2N) = f(N) + log N for N >= 1, with f(1) = 0?",O(log N),O(N log N),O(log N) + 0(1),O((log N)^2),3
31,Solve the equation −47 = g + 24.,−71,−23,23,71,1
32,An animal is not likely to associate a conditioned stimulus (CS) with an unconditioned stimulus (UCS) if the,delay between the CS and the UCS is too long,interval schedule between the two stimuli is variable,fixed-rational schedule between the two stimuli is altered,interstimulus ratio is variable,0
33,"A new gang member, hoping to impress the gang's leader, pointed a gun at a pedestrian and ordered her to give him her expensive watch, which she did. The gang member then tossed the watch to the gang leader, who was standing nearby. Although totally surprised by this act, the gang leader put the watch in his pocket. The pedestrian ran away. What crime did the gang leader commit?",Accessory after the fact to robbery.,Accomplice to robbery.,Conspiracy to commit robbery.,Receiving stolen property.,2
34,"Let f(x) be a function whose graph passes through the origin. If f(2n) = n^2 + f[2(n - 1)] for every integer n, what is the value of f(8)?",24,30,32,36,1
35,Which of the following indicates that a reaction is spontaneous?,at equilibrium there are more products than reactants,the value of ΔG° is greater than zero,the value of ΔS° is greater than zero,the value of Keq is less than one,0
36,Rejecting a claim by criticizing the person who makes it rather than the claim itself is known as the fallacy of...,Division,Appeal to emotion,Composition,Appeal to the person,3
37,The rational-economic model of decision-making is based on the assumption that:,decision-makers place more emphasis on the costs of certain decisions than on other consequences of their decisions.,decision-makers have complete information about all alternatives and their consequences before making decisions.,"individuals are better than groups at making decisions, especially under stressful conditions.",decision-makers’ knowledge about possible alternatives is always incomplete.,1
38,Aquinas claim that all human operations appear to serve:,those in power.,those of high status.,those who contemplate the truth.,those who act wickedly.,2
39,Appeal to ignorance is a fallacy that involves,"determining the conclusion one wants first, then accepting only evidence supporting that conclusion, or interpreting all evidence as support for that conclusion.",arguing something is inferior just because it doesn't do something it was never intended to do.,arguing that a claim must be true because there is no evidence that it is false.,arguing about something when you are ignorant about the subject,2
40,"In Python 3, b = [11,13,15,17,19,21]; print(b[::2]) outputs what?","[19,21]","[11,15]","[11,15,19]","[13,17,21]",2
41,Judith Butler (1999) suggested that:,sexual characteristics are the biological determinants of gender,"heterosexuality and homosexuality are essential, opposing identities",the 'two-sex' model replaced the 'one-sex' model in the eighteenth century,gender is performed through bodily gestures and styles to create 'sex',3
42,"According to Jaina traditions, what does the term ajiva mean?",Soul,Sound,Non-matter,Non-soul,3
43,What accounted for the US avoidance of catastrophe at the hands of the British in 1814?,Naval victories,Diplomacy,British preoccupation with Europe,All of the above,3
44,A rattle that a 4-month-old is playing with is hidden underneath a blanket in front of the child. She looks at her mother. This child has not yet developed ___________.,Conservation,Egocentrism,Hand–eye coordination,Object permanence,3
45,"For which of these two scenarios does the main character (who uses I/me/my) do something clearly morally wrong, according to ordinary moral standards in the US as of 2020? Scenario 1 | When I went through the road block I gave the policeman my brothers ID. Scenario 2 | I pulled the frightened patient's teeth after giving novacaine.","Wrong, Wrong","Wrong, Not wrong","Not wrong, Wrong","Not wrong, Not wrong",1
46,"Consider the following assumptions about electronic storage for the text in all the books of a university's libraries. - The libraries at the university collectively contain 3 million books. - A book contains an average of 400 pages. - A page contains an average of 50 lines. - A line on a page contains an average of 10 words. - A word contains an average of 5 letters/characters. - A letter/character is represented by 1 byte. Based on the given assumptions, which of the following is the unit in which the electronic storage required for the text in all the books of the university's libraries would best be measured?",Megabyte ( 2^20 or approximately 10^6 bytes),Gigabyte ( 2^30 or approximately 10^9 bytes),Terabyte ( 2^40 or approximately 10^12 bytes),Petabyte ( 2^50 or approximately 10^15 bytes),2
47,Which of the following activities are NOT secondary economic activities?,Assembling automotive parts,Sewing shirts,Mining copper,Binding books,2
48,"Motivation is a complex process involving weighing alternatives, costs, and benefits. From your knowledge about GOAL-SETTING THEORY, which one out of the following statements is incorrect?",goals serve 2 purposes: they are a basis for motivation and they direct behaviors,goal attainment is maximized when goals are specific and highly difficult,goal attainment is maximized when frequent feedback is given,worker participation in goal-setting is also good,1
49,Which statement is false?,3 < 5,5 > 3,−5 > −3,−3 > −5,2
50,Both C4 and CAM plants employ physiological and biochemical strategies to reduce photorespiration. Which of the following is an accurate comparison of the two strategies?,"C4 plants fix CO2 as the 4-carbon acid oxaloacetate, while CAM plants fix CO2 as the 5-carbon acid ribulose 1, 5-bisphosphate.","C4 plants fix CO2 in the mesophyll but carry out the Calvin cycle in the bundle sheath, while CAM plants fix CO2 and carry out the Calvin cycle in the mesophyll.","C4 plants fix CO2 in the bundle sheath but carry out the Calvin cycle in the mesophyll, while CAM plants fix CO2 and carry out the Calvin cycle in the bundle sheath.","C4 plants store CO2 as phosphoglycolate, while CAM plants store CO2 as oxaloacetate.",1
51,According to Monetarist theory when the money supply is changed the economy is affected,only because a change in the money supply affects interest rates.,in several ways.,because interest rates change and so do many other factors that affect spending.,because many factors that affect spending change but not interest rates.,2
52,The primary site of glucose reabsorption is the,glomerulus,proximal convoluted tubule,loop of Henle,collecting duct,1
53,"In hypovolaemic shock, what percentage of blood can be lost before it is reflected in changes in heart rate and blood pressure?",5%,10%,20%,30%,3
54,For an autoregressive process to be considered stationary,The roots of the characteristic equation must all lie inside the unit circle,The roots of the characteristic equation must all lie on the unit circle,The roots of the characteristic equation must all lie outside the unit circle,The roots of the characteristic equation must all be less than one in absolute value,2
55,"The World Health Organization recommends zinc supplements for which groups of people?
",Pregnant and lactating women,Children with severe malnutrition or diarrhoea,All children in low income areas with high prevalence of stunting,Elderly people with low incomes,1
56,Sound travels in,solids,liquids,gases,All of these,3
57,"If f(2x) = x + 5 and f(g(6)) = 13, then 2 * g(6) =",6,16,32,36,2
58,Hume describes reason as:,cool and disengaged.,the source of all moral actions.,the first spring or impulse to desire.,all of the above.,0
59,"As of 2018, about what percentage of Indians say that having an increasing number of people of many different races, ethnic groups and nationalities in their country makes it a better place to live (as opposed to worse or no difference)?",23%,38%,53%,68%,3
60,Find the number that makes the statement true: 26.1 mm = _ dm.,0.261,261,2.61,"2,610",0
61,Use the Associative Property of Multiplication to simplify 8 • (−7) • (−1).,−63,56,48,−56,0
62,"This question refers to the following information.
""The spontaneous forces of capitalism have been steadily growing in the countryside in recent years, with new rich peasants springing up everywhere and many well-to-do middle peasants striving to become rich peasants. On the other hand, many poor peasants are still living in poverty for lack of sufficient means of production, with some in debt and others selling or renting out their land. If this tendency goes unchecked, the polarization in the countryside will inevitably be aggravated day by day. Those peasants who lose their land and those who remain in poverty will complain that we are doing nothing to save them from ruin or to help them overcome their difficulties. Nor will the well-to-do middle peasants who are heading in the capitalist direction be pleased with us, for we shall never be able to satisfy their demands unless we intend to take the capitalist road. Can the worker-peasant alliance continue to stand in these circumstances? Obviously not! There is no solution to this problem except on a new basis. And that means to bring about, step by step, the socialist transformation of the whole of agriculture simultaneously with the gradual realization of socialist industrialization and the socialist transformation of handicrafts and capitalist industry and commerce; in other words, it means to carry out co-operation and eliminate the rich-peasant economy and the individual economy in the countryside so that all the rural people will become increasingly well off together. We maintain that this is the only way to consolidate the worker-peasant alliance.""
Mao Zedong, On the Question of Agricultural Co-operation, 1955
Which of the following best explains Mao's concept of the ""socialist transformation of the whole of agriculture"" in China?",Agriculture fueled industrialization in cities as excess labor flowed from the countryside to urban centers.,Agricultural surpluses allowed the state to invest more heavily in modernizing agricultural production.,"Agricultural efficiency reduced prices of basic commodities, raising the standard of living across the whole of China.","Agriculture was collectivized, with the result that entire communities shared fields instead of individuals owning the land as private property.",3
63,"Which of the following is the yield of ATP from complete oxidation of glucose to carbon dioxide and water?
",10,25,30,32,3
64,"""Each term must be used twice, no more and no less,"" is a test of validity for which type of syllogism?",Enthymeme,Categorical,Disjunctive,Conditional,1
65,"Which of the following is not one of the unifying principles of Critical Security Studies, as defined by Krause?",Principle actors are social constructs that are made through political practices.,"Natural-science methodology is the best way to study social science, interpretive methodologies lack the coherence required for in-depth analysis.","Knowledge of the social world is not objective, as there is no divide between the social world and knowledge of that world.","The purpose of theory is not explanation in terms of generalizable causal claims, but contextual understanding and practical knowledge.",1
66," Carruthers argues that, on contractualist grounds, nonhuman animals may be accorded which of the following kinds of moral standing?",direct,indirect,quasi-,none of the above,1
67,"For which of these two scenarios does the main character (who uses I/me/my) do something clearly morally wrong, according to ordinary moral standards in the US as of 2020? Scenario 1 | I saw a really cool movie about a murder, so I framed a poster for the movie about murder on my wall. Scenario 2 | I trimmed the deer's antlers so it could lift its head.","Wrong, Wrong","Wrong, Not wrong","Not wrong, Wrong","Not wrong, Not wrong",3
68,Which of the following transduces visual images?,The cornea,The pupils,The cochlea,The retina,3
69,"A graduate of law school received notice that she had successfully passed the bar exam. To celebrate passing, the graduate went out with a few friends to a popular campus bar. The graduate's friend ordered a round of Hula Girls for everyone. A Hula Girl is an extremely potent alcoholic drink consisting. of 2 ounces of dry gin, 1 ounce of French vermouth, and 1 teaspoon of grenadine. After the drink is mixed, it is then served in a glass with an inverted lemon peel, which is cut at the ends to represent a grass skirt. Although the graduate had never heard of a Hula Girl, she was in a festive mood and drank it, anyway. A few minutes later, the graduate became very dizzy and attempted to stand up from the barstool. As she tried to walk to the restroom, she became nauseated and vomited over a customer sitting at a nearby table. The customer was embarrassed and greatly humiliated by the incident. If the customer asserts a claim against the graduate, the plaintiff will most likely","prevail, because the graduate's conduct was extreme and outrageous.","prevail, because an offensive touching resulted.","not prevail, because the graduate's actions were involuntary.","not prevail, because the graduate was unaware what she was drinking.",2
70,Inflation,hurts creditors who do not anticipate it.,hurts creditors who anticipate it.,hurts debtors.,both A and D are correct.,3
71, The Maccabean Revolt is associated with which ruler?,Julius Caesar,Alexander the Great,Cyrus of Persia,Antiochus IV Epiphanes,3
72,"In acid solution the bromate ion, BrO3- can react with other substances, resulting in Br2. Balance the half-reaction for bromate ions forming bromine. The balanced half-reaction has",6 electrons on the left,6 electrons on the right,3 electrons on the left,10 electrons on the left,3
73,The zona pellucida is...,...a protective layer surrounding the egg,...the fertilized egg,...an enzyme secreted by sperm to break down the protective coating on the egg.,...the area where sperm collect before attempting to fertilize the egg.,0
74,"A 17-year-old girl has never had a menstrual period. Physical examination shows a normal female body habitus, normal breast development, and normal appearing external genitalia. She has no axillary or pubic hair. The patient refuses to have a pelvic or rectal examination. Which of the following is the most likely explanation for the clinical presentation?",Androgen insensitivity,Congenital adrenal hyperplasia,Ectodermal dysplasia,A psychiatric disorder,0
75,"For which of these two scenarios does the main character (who uses I/me/my) do something clearly morally wrong, according to ordinary moral standards in the US as of 2020? Scenario 1 | I gave away my little sister, to a stranger, for one dollar. Scenario 2 | I don't let my pet dog wander outside when it's raining","Wrong, Wrong","Wrong, Not wrong","Not wrong, Wrong","Not wrong, Not wrong",1
76,A driver of a car negligently hit a pedestrian. The pedestrian had an open wound and was rushed to the hospital for a blood transfusion. At the hospital she refused the transfusion because of religious beliefs. She died shortly thereafter. The physician verified that the patient would have fully recovered if she had agreed to treatment. What damages can the pedestrian's estate collect from the driver of the car?,All damages for wrongful death because it is foreseeable that this kind of negligence could injure someone who will not accept treatment for religious reasons.,"No damages, because the pedestrian's wrongdoing in not accepting treatment was the sole cause for her death.",Damages for the wound and the pain and suffering up to the point that she refused the transfusion.,"No damages, because the pedestrian's refusal of treatment constitutes contributory negligence.",2
77,"A year ago, a very wealthy man died in a car accident. A woman, whose mother worked as a secretary to the wealthy man for years, filed a claim against the estate, alleging that she was the wealthy man's daughter. At trial, the woman's attorney called the wealthy man's butler to testify. The butler testified that it was Common knowledge in the household that the wealthy man and the woman's mother were having an affair. The butler also testified that the wealthy man had often confided in him and told him shortly after the woman's birth that the woman was the wealthy man's daughter. Upon objection by the attorney for the executor of the wealthy man's estate, the court will most likely",sustain the objection bc butler's testimony would be violative of hearsay rule.,"sustain, bc butler's testimony would be violative of Dead man's statute.",overrule the objection because the butler's testimony would be relevant to the ultimate issue in the case.,overrule objection because the butler's testimony would qualify under the pedigree exception to the hearsay rule.,3
78," What two problems does individualism lead us into, according to Hourdequin?",It leads to failures of developing integration and integrality.,"They lead us into ""tragedy of the commons"" situations and they instill in us an atomistic view of persons.",It leads to increased greenhouse gas emissions and increased consumption of non-recyclable goods.,"We both tend to think of our moral obligations as only personal obligations, and so think that we can only advocate for policy in ""tragedy of the commons"" situations.",3
79,Which of the following concepts does NOT form part of the technical discourse on cyber-security?,Business networks,Computer experts,Anti-virus industry,Computer networks,0
80,Which of the following was not defined by Giddens (1998) as part of New Labour's 'third way':,the democratization of the family,putting an end to privatization,"positive welfare: 'a hand up, not a hand-out'",the strengthening of civil society,1
81,"This question refers to the following information.
""We have witnessed for more than a quarter of a century the struggles of the two great political parties for power and plunder, while grievous wrongs have been inflicted upon the suffering people. We charge that the controlling influences dominating both these parties have permitted the existing dreadful conditions to develop without serious effort to prevent or restrain them. Neither do they now promise us any substantial reform. They have agreed together to ignore, in the coming campaign, every issue but one. They propose to drown the outcries of a plundered people with the uproar of a sham battle over the tariff, so that capitalists, corporations, national banks, rings, trusts, watered stock, the demonetization of silver and the oppressions of the usurers may all be lost sight of. They propose to sacrifice our homes, lives, and children on the altar of mammon; to destroy the multitude in order to secure corruption funds from the millionaires.
""Assembled on the anniversary of the birthday of the nation, and filled with the spirit of the grand general and chief who established our independence, we seek to restore the government of the Republic to the hands of 'the plain people,' with which class it originated. We assert our purposes to be identical with the purposes of the National Constitution; to form a more perfect union and establish justice, insure domestic tranquillity, provide for the common defence, promote the general welfare, and secure the blessings of liberty for ourselves and our posterity.""
Populist Party Platform, 1892
Which one of the following political movements most closely shared many of the goals outlined by the Populist Party?",Progressivism of the early 1900s,Neoconservatism of the 1980s,Federalism of the late 1700s,Jacksonian Democracy of the early 1800s,0
82,"An older and younger brother had always done everything together. They had grown up together, gone to school together, and partied together. One night, while drinking at a bar, both brothers decided that they wanted a little more action than the bar was offering up, so they left and went to a strip club. At the strip club, they paid for private dances and attempted to have conversations with the women. As hard as they tried, the women who worked in the club did not seem as interested in the brothers as they were in the women. As the night wore on, the brothers decided that they would wait behind the club until closing for the women to come out. The victim, who had given a dance to one of the brothers, came out and proceeded to walk to her car. One of the brothers grabbed the victim from behind and pulled her to the ground while the other brother sexually assaulted her. Both brothers were arrested and charged with the rape of the victim. Their long-time family attorney represented them both at their trial. The younger brother intended to testify that his older brother had forced him to hold the victim down by threatening him with a gun. If appropriate objections are made by either brother, the court should rule that the attorney's representation of the brothers at trial",violated the younger brother's Sixth Amendment right to counsel.,constituted an impermissible conflict of interest.,"violated the younger brother's constitutional rights, but did not infringe on the older brother's constitutional rights.",did not violate the older brother's constitutional rights if he separately paid for his representation.,0
83,"Which of the following describe/s the central limit theorem? I. The mean of the sampling distribution of x-is the same as the mean of the population. II. The standard deviation of the sampling distribution of x-is the same as the standard deviation of x- divided by the square root of the sample size. III. If the sample size is large, the shape of the sampling distribution of x- is approximately normal.",I only,I & II only,II only,III only,3
84,Mars has an atmosphere that is almost entirely carbon dioxide.Why isn't there a strong greenhouse effect keeping the planet warm?,the atmosphere on Mars is too thin to trap a significant amount of heat,There actually is a strong greenhouse effect and Mars would be 35oC colder than it is now without it.,Mars does not have enough internal heat to drive the greenhouse effect,the greenhouse effect requires an ozone layer which Mars does not have,0
85,"A proton enters a solenoid. Upon entry, the proton is moving in a straight line along the axis of the solenoid. Which of the following is a correct description of the proton’s motion within the solenoid?",The proton will be bent in a parabolic path.,The proton will be bent in a circular path.,The proton will continue in its straight path at constant velocity.,The proton will continue in its straight path and slow down.,2
86,The set of all nth roots of unity under multiplication of complex numbers form a/an,semi group with identity,commutative semigroups with identity,group,abelian group,3
87,Find the value of 4 ÷ 2 • 2 + 8 − 4.,−12,12,8,16,2
88,Which of the following choices is most likely to create the greatest decrease in real GDP?,The government decreases spending matched with a decrease in taxes.,The government increases spending with no increase in taxes.,The government decreases spending with no change in taxes.,The government holds spending constant while increasing taxes.,2
89,"Congress enacted a statute designed to make the stabilization of rents more effective throughout the United States. The statute will be applicable to all leasehold contracts hereafter entered into between landlords and tenants involving residential and commercial properties. The new federal statute is intended to protect tenants from spiraling rents and ""profiteering"" by landlords without curtailing the supply of rental units or depriving landlords of substantial constitutional rights. The new federal statute would be most clearly constitutional as applied to",the rental of a state-owned office building by a state to a privately owned business.,the rental of residential property located in the District of Columbia by an individual landlord to a family of six.,the rental of an apartment located by a real estate company to an individual tenant.,the rental of an office building to a city by an individual landlord.,1
90,"Divide. 7,285 ÷ 4","1,801","1,801 R1","1,821","1,821 R1",3
91,What is the wild progenitor of maize?,einkorn,emmer,teosinte,legumes,2
92,When assessing an internal auditor's objectivity an independent auditor should,Perform tests of controls to determine whether significant internal control activities are properly maintained.,Analyze the risk factors that relate to misstatements arising from the misappropriation of assets.,Review the internal auditor's reports to verify that the conclusions reached are consistent with the procedures performed.,Consider the policies that prohibit the internal auditor from auditing areas where relatives are employed in key management positions.,3
93,Which of the following would shift the aggregate demand curve to the right?,An increase in the price level,Depreciation in the international value of the dollar,An increase in personal income tax rates,An increase in interest rates,1
94,"A man was paroled after serving five years in prison for forgery. Three weeks later, he found a handgun in a high school parking lot. Fearing that students from the school might find the gun and get into trouble using it, the man put it in the trunk of his car. The man drove off, was lawfully stopped by a police officer for speeding, and allowed the officer to search his car and the trunk. During the search, the officer discovered the gun. The man was charged under a federal statute prohibiting the knowing possession of a firearm by a convicted felon. Which of the following additional facts, if established, would be most helpful to the man's defense?",He did not intend to use the gun for an unlawful purpose.,He did not know about the federal statute.,He was driving to the police station to give the gun to the authorities when the officer stopped his car.,His previous conviction did not involve the use of a gun or other weapon.,2
95," This is where the manufacturing, purchasing, and consumption can occur at differing points in time.",Time utility.,Ownership utility.,Accessibility.,Information utility.,0
96,Smile Inc. purchased a computer on May 1 for $12000 with an estimated salvage value of $1500 and a 3-year life. What is the depreciation expense for the year ended December 31 using the double-declining method of depreciation?,"$8,000","$7,000","$5,333",4667,2
97,"For which of these two scenarios does the main character (who uses I/me/my) do something clearly morally wrong, according to ordinary moral standards in the US as of 2020? Scenario 1 | As an attorney, I don't care if my clients are wealthy or not. Scenario 2 | I made sure to take some hotel robes and towels as a souvenir.","Wrong, Wrong","Wrong, Not wrong","Not wrong, Wrong","Not wrong, Not wrong",2
98,"The Supreme Court issued the opinion quoted below in its ruling on which of the following cases? ""We conclude that in the field of education the doctrine of 'separate but equal' has no place. Separate educational facilities are inherently unequal.""",Gideon v. Wainwright,Marbury v. Madison,Engel v. Vitale,Brown v. Board of Education of Topeka,3
99,According to Keynesian theory,the FED should not conduct monetary policy.,changes in the money supply have significant effects.,fiscal policy is the preferred way of shifting the aggregate demand curve.,the FED should allow the money supply to grow at a constant rate.,2
100,"The ISO 26000 standard on ________ is emblematic of a number of trends emerging within the shared global governance space. Specifically, these trends concern, more deliberation and ________, greater focus on the _______ rather than outcomes and more _______ rather than specific norms.","Social responsibility, Collaboration, Process, Frameworks","Social responsibility, Individualism, Process, Legislation","Environmental responsibility, Individualism, Inputs, Frameworks","Environmental responsibility, Collaboration, Inputs, Legislation",0
101,"A patient filed a medical malpractice action against a hospital in federal court, alleging that hospital staff had failed to diagnose the patient's cancer based on an X-ray that had been taken at the hospital. The patient's cancer was diagnosed six months later, based on the same X-ray, when the patient sought a second opinion. In the interim, the cancer had spread. Fact and expert discovery have been completed in the action. The hospital has moved for summary judgment. In support of its motion, the hospital has submitted a memorandum identifying facts that it claims are not in dispute. It has also cited and attached supporting exhibits, including a report from the hospital's radiologist, who found no signs of cancer on the X-ray. What is the best way for the patient to raise a genuine dispute of material fact?",Submit a report from the patient's expert radiologist contradicting the findings in the report of the hospital's radiologist.,Submit an affidavit from the patient's attorney detailing his conversations with the patient's expert radiologist.,Submit an affidavit from the patient's expert radiologist with findings that contradict the report of the hospital's radiologist.,Submit the patient's medical records showing the patient's current cancer diagnosis.,2
102,"In a meeting with the school psychologist, Ms. Harcar, a new sixth-grade teacher, expresses some concerns about a student, Anthony. The school psychologist has worked with the boy and knows him well. Anthony has a mild learning disability and receives academic support. He is doing well on a daily basis but has difficulty performing on tests. The school psychologist discusses ways in which Ms. Harcar could incorporate study-skills training into classroom activities. With regard to study-skills training, the school psychologist should stress which of the following principles while advising Ms. Harcar?","The study skills of students with disabilities are improved when they are given a single, specific study strategy to follow for all subjects.",Students with disabilities often develop study skills on their own and need only some guidance and reinforcement by the teacher.,Training in study skills needs to include helping students to guide their own thinking to organize their own study behaviors and to use varied study approaches.,Study strategies are best taught in a small group by having students practice collaborative problem-solving activities modeled by the teacher.,2
103,"In construction, the plates are horizontal structures at the top and bottom of a wall. Which of the following are the vertical structures?",Rafters,Studs,Headers,Joists,1
104,"ACORN, a segmentation analysis technique, stands for which of the following?",A corresponding official residential notation.,A classification of reported nationals.,A classification of residential neighbourhoods.,A countrywide official resources navigation.,2
105,"Four packages are delivered to four houses, one to each house. If these packages are randomly delivered, what is the probability that exactly two of them are delivered to the correct houses? Express your answer as a common fraction.",\frac{1}{4},\frac{27}{128},\frac{1}{2},\frac{1}{9},0
106,The use of entertainment material delivered through paid or owned media and which features a single company or brand is referred to as:,Sponsorships.,Exhibitions.,Branded content.,Advertisement.,2
107,"In a population of giraffes, an environmental change occurs that favors individuals that are tallest. As a result, more of the taller individuals are able to obtain nutrients and survive to pass along their genetic information. This is an example of",directional selection.,stabilizing selection.,sexual selection.,disruptive selection.,0
108,Brandt claims that whether a moral code is ideal depends in part on:,the complexity of the rules.,how many people would likely violate it.,"the costs of its restrictions, in terms of the guilt it induces.",all of the above.,3
109,Find the opposite of the number −7.,7,−7,0.7,−7.7,0
110,"According to Freud's notion of______, dreams and slips of the tongue are meaningful goal-directed phenomena.",psychic dynamogenesis,reciprocal determinism,psychic determinism,ptyalism,2
111,Who set the world record for the mile race in 1886?,R Bannister,S Coe,J DiMaggio,WG George,3
112,Which sentence most accurately describes how neurons communicate?,Neurons communicate through physical contact between dendrites of one cell and the next cell.,"Electricity passes between neurons, which carries messages between one neuron and another.","Chemicals travel from one neuron to another, influencing whether a neuron will fire or not.",Neurons send messages up the spinal cord to the cerebral cortex through neural reflexes.,2
113,"Cooper is suing March for money damages. Because he believes portions of March's deposition are highly favorable to his case, Cooper's attorney intends to read parts of the deposition at trial instead of calling March to the stand. March objects to Cooper's use of the deposition at trial. What is the court's likely ruling?","Cooper may use the deposition at trial, but, if requested, he must read all parts that in fairness ought to be considered with the part introduced.","Cooper may use the deposition at trial, but only to contradict or impeach March's prior inconsistent statements or pleadings.","Cooper may not use the deposition at trial, as March is able to testify and no exceptional circumstances exist.","Cooper may not use the deposition at trial, as this would make March his witness and immune to impeachment.",0
114,Statement 1 |  Suppose ∑|a_i| diverges and ∑ a_i = 2. There is a rearrangement a_i_k of the terms such that ∑ a_i_k = 4. Statement 2 | There exists metric spaces X and Y with X closed and bounded and a continuous mapping f : X → Y such that f(X) is NOT “closed and bounded”.,"True, True","True, False","False, True","False, False",0
115,A car gets 24 miles per gallon of gasoline (mi/gal). How many gallons of gasoline would the car need to travel 144 miles?,6.5 gallons,6 gallons,5.5 gallons,5 gallons,1
116,"For which of these two scenarios does the main character (who uses I/me/my) do something clearly morally wrong, according to ordinary moral standards in the US as of 2020? Scenario 1 | I viewed an old pirate ship that washed up. Scenario 2 | The ladies flower garden was so beautiful I just had to pick some of them.","Wrong, Wrong","Wrong, Not wrong","Not wrong, Wrong","Not wrong, Not wrong",2
117,Who said that “Jurisprudence is the eye of law”,Maine,Savigny,Pound,Laski,3
118,"A 39-year-old woman, gravida 2, para 2, comes to the community-based health center because of a 6-month history of a copious, foul-smelling vaginal discharge. She also reports spotting that began 6 months ago and has progressed to heavy bleeding during the past 3 weeks. Medical history is significant for an abnormal Pap smear in her 20s; her most recent Pap smear was done 12 years ago during her second pregnancy, and she recalls the results as being normal. She takes no medications. The patient was married for 18 years; her husband died 4 years ago and had undergone vasectomy after the birth of their last child. The patient has not had any new sexual partners since her husband's death. BMI is 32 kg/m2 . Vital signs are temperature 37.2°C (99.0°F), pulse 90/min, respirations 14/min, and blood pressure 155/96 mm Hg. Speculum examination discloses normal vaginal mucosa. The cervix is friable with a 1-cm exophytic mass lateral to the cervical os at the nine o'clock position. Which of the following is the most critical factor in formulating a management plan for this patient?",Hypertension,Obesity,Patient age,Stage of disease,3
119,"Given current patterns of industrial development, what are the future prospects for energy security?","Whilst energy consumption is correlated to levels of industrialisation, developed states of the North continue to increase their demands for energy. This is balanced by a lesser demand from states in the South; due to their lack of industrialisation their demands on energy are forecast to remain low.",Energy demand in the industrialised states has peaked in recent years and data indicates that consumption levels in the North have become constant and are not likely to increase.,"Whilst forecasts predict that energy consumption in the industrialised states of the North will continue to increase, the major increase in demand will come from the developing states of the South, posing major challenges to global energy security.","Although demand from developing states is set to increase the global consumption of dwindling energy resources, technological advancements in alternative energy sources, coupled with comprehensive understanding of current resource levels and access, will secure energy supply in the foreseeable future.",2
120,An obese individual with a breathing-related sleep disorder most likely suffers from which of the following?,Narcolepsy,Hypersomnia,Insomnia,Sleep apnea,3
121,"A 75-year-old woman comes to the office because she has band-like, burning pain in her right upper abdomen extending from the epigastrium around to the midline of the back. Physical examination discloses no abdominal tenderness to palpation. Findings on ultrasonography of the gallbladder are normal. Serum amylase concentration is within the reference range. Which of the following is the most likely diagnosis?",Acalculous cholecystitis,Chronic relapsing pancreatitis,Diverticulitis of the cecum,Herpes zoster,3
122, What is wrong with a conservation system based wholly on economic motives according to Leopold?,It assumes that the economic parts of the biotic system will function without the uneconomic parts.,It assumes that economic motives are morally relevant.,It implies that nonhuman creatures are necessarily without any moral standing.,none of the above,0
123,Lemon owned 2000 shares of Spectrol Corp. common stock that were purchased in year 1 at $10.50 per share. In year 4 Lemon received a 5% non-taxable dividend of Spectrol common stock. In year 5 the stock split 2-for-1. In the current year Lemon sold 800 shares. What is Lemon's basis in the 800 shares of stock sold?,"$4,000","$8,000","$8,400",16800,0
124,Which of the following correctly lists the individual intermolecular attractive forces from the strongest to the weakest?,Induced dipole < dipole-dipole < hydrogen bond,Hydrogen bond < dipole-dipole < induced dipole,Induced dipole < hydrogen bond < dipole-dipole,Dipole-dipole < hydrogen bond < induced dipole,1
125,Hume defines virtue as:,a tendency to maximize happiness.,a tendency to pursue justice.,whatever mental action or quality gives a spectator a sentiment of approbation.,whatever mental action or quality brings about the best consequences for all.,2
126,"The intention of making traditional, saleable art objects was abandoned by",Impressionists,Pop artists,Abstract Expressionists,Conceptual artists,3
127,What was a main organizational change proposed by the 9/11 Commission with regard to the U.S. intelligence community?,Creation of the Department of Homeland Security,Moving the Department of Defense Intelligence Agencies to the CIA for better coordination,Creation of the National Intelligence Director,Moving the domestic intelligence component of the FBI to the CIA,2
128,"A defendant entered a bar and ordered a beer. The bartender politely told the defendant he would have to wait until two other patrons were served. The defendant became irate and pulled out a small penknife. Although the defendant intended only to frighten the bartender, he accidentally nicked the bartender's arm with the penknife. The bartender's arm became infected, and he died from gangrene two months later. The most serious crime that the defendant can be convicted of is",battery.,involuntary manslaughter.,assault with a deadly weapon.,murder.,1
129,What part of the world was once known as Cathay?,China,India,Iran,Indonesia,0
130,"Two women decided to steal some clothing from their favorite store. One of the women carried a large shopping bag containing a gun into the store. The other woman did not know that her partner had a gun in the shopping bag. After the women placed three dresses into the shopping bag, a clerk became suspicious and approached the women. The women tried to leave the store and, as they did, the clerk grabbed the bag, which fell to the floor. When the bag hit the floor, the gun discharged, killing the clerk. Which of the following would be the women's best defense to the charge of felony murder?",They committed a larceny by placing the three dresses in the shopping bag.,The jurisdiction requires the killing to be independent of the felony.,The jurisdiction follows the agency theory of felony murder.,"The killing, was accidental and unintended.",0
131,What's the popular name of the breakfast meal consisting of sausages wrapped in pancakes?,ducks in a pond,pigs in a blanket,cows in a pasture,dogs in the oven,1
132,"A woman needed to have her microwave repaired. She contacted the local handyman, who said he could repair the microwave for $100. The woman readily agreed and delivered the microwave to the handyman, who promised to have it ready in two weeks. One week later, the handyman realized that he had so much work to do that he would not be able to repair the microwave on time. He then took the microwave to a repair store. The repair store agreed to repair the microwave for $80 within one week. The owner of the repair store that contracted with the handyman was unaware that the woman actually owned the microwave. If the repair store fails to repair the microwave, which of the following is the most accurate statement?",The woman has a cause of action against the repair store only.,The woman has a cause of action against the handyman only.,The woman has a cause of action against both the repair store and the handyman.,The woman has no cause of action against either the repair store or the handyman.,1
133,"If adverse impact on some minority group has been observed, which of the following types of tests probably has the best chance of withstanding legal challenge",Projective,Empirically keyed,Work sample,Multiple-choice,2
134,Which of the following is a key difference between the experimental method and naturalistic observation?,"Experiments yield qualitative data, whereas naturalistic observation yields quantitative data.","Naturalistic observation involves surveys, whereas experiments measure behavior.","Naturalistic observation takes place in the field, whereas experiments take place in a lab.",Researchers can exercise greater control over experiments than in naturalistic observation.,3
135,"This question refers to the following information.
""If any person or persons shall, from and after the passing of this act, by force and violence, take and carry away, or cause to be taken or carried away, and shall, by fraud or false pretense, seduce, or cause to be seduced, or shall attempt so to take, carry away or seduce, any negro or mulatto, from any part or parts of this commonwealth, to any other place or places whatsoever, out of this commonwealth, with a design and intention of selling and disposing of, or of causing to be sold, or of keeping and detaining, or of causing to be kept and detained, such negro or mulatto, as a slave or servant for life, or for any term whatsoever, every such person or persons, his or their aiders or abettors, shall on conviction thereof, in any court of this commonwealth having competent jurisdiction, be deemed guilty of a felony.""
—Excerpt from Pennsylvania law, 1826
Critics challenged the constitutionality of this 1826 law in the Supreme Court on the grounds that it",violated the Constitutional injunction against bills of attainder.,undermined the intent of the fugitive slave clause of the Constitution.,circumvented the three-fifths clause of the Constitution.,"was inconsistent with the ""eminent domain"" clause of the Fifth Amendment of the Constitution.",1
136,De Broglie hypothesized that the linear momentum and wavelength of a free massive particle are related by which of the following constants?,Planck’s constant,Boltzmann’s constant,The Rydberg constant,The speed of light,0
137,Inca architecture is noted for its:,"incorporation of wood, earth, and stone.",unprecedented size and sophistication.,precise jigsaw-like stone masonry.,use of the vaulted arch.,2
138,"In a crisis, the adrenal glands of the body secrete ""emergency"" hormones, while the body prepares for fight-or-flight, directed by",the central nervous system,the somatic nervous system,the sensorimotor nervous system,the sympathetic nervous system,3
139,A person who practices the Hindu religion would be most likely to,visit a shrine built on the shore of a lake.,pray five times a day.,bathe in the Ganges River.,make a pilgrimage to Jerusalem.,2
140,What is the mi'raj?,Muhammad's miraculous ascent to heaven,Muhammad's migration to Mecca,Muhammad's first community in Mecca,Muhammad's revelations of the Qur'an,0
141,Which of the following is encoded by the src oncogene and catalyzes the specific addition of phosphate groups to cellular proteins?,Protein phosphatase,Adenylate cyclase,G protein-linked receptor,Tyrosine kinase,3
142,A 25 g sample of a liquid was heated to 95 °C and then quickly transferred to an insulated container holding 100 g of water at 26 °C. The temperature of the mixture rose to reach a final temperature of 37 °C. Which of the following can be concluded?,The sample lost more heat energy than the water gained because the sample temperature changed more than the water temperature did.,The final temperature is less than the average starting temperatures; therefore the equilibrium constant must be less than 1.,The sample temperature changed more than the water temperature did; therefore the heat capacity of the sample must be greater than the heat capacity of the water.,"Even though the sample temperature changed more than the water temperature did, the sample lost the same amount of heat energy as the water gained to obey the law of conservation of energy.",3
143,"This question refers to the following information.
""The Government of the German Reich and The Government of the Union of Soviet Socialist Republics desirous of strengthening the cause of peace between Germany and the U.S.S.R., and proceeding from the fundamental provisions of the Neutrality Agreement concluded in April, 1926 between Germany and the U.S.S.R., have reached the following Agreement:
Article I. Both High Contracting Parties obligate themselves to desist from any act of violence, any aggressive action, and any attack on each other, either individually or jointly with other Powers.
Article II. Should one of the High Contracting Parties become the object of belligerent action by a third Power, the other High Contracting Party shall in no manner lend its support to this third Power.
Article III. The Governments of the two High Contracting Parties shall in the future maintain continual contact with one another for the purpose of consultation in order to exchange information on problems affecting their common interests.
Article IV. Should disputes or conflicts arise between the High Contracting Parties shall participate in any grouping of Powers whatsoever that is directly or indirectly aimed at the other party.
Article V. Should disputes or conflicts arise between the High Contracting Parties over problems of one kind or another, both parties shall settle these disputes or conflicts exclusively through friendly exchange of opinion or, if necessary, through the establishment of arbitration commissions.""
Molotov-Ribbentrop Pact, 1939
The Soviets were most strongly motivated to create this agreement because",Germany promised to help regain Soviet land lost in the First World War,the attempt by the Soviets to form an alliance with Britain and France had failed,they wanted to assist the Germans in seizing land from Czechoslovakia,they held debt to Germany stemming from the First World War,1
144,Which of the following would likely slow a nation's economic growth?,Guaranteed low-interest loans for college students,Removal of a tax on income earned on saving,Removal of the investment tax credit,More research grants given to medical schools,2
145,"Each year, the local boys' and girls' club sponsors a ""Baseball Card Bonanza. "" During the three- day event, collectors of baseball cards gather, exchanging and swapping old cards. A boy and a girl, both 12-year-old youngsters at the bonanza, were looking at each other's cards when they were approached by a 32-year-old collector. The collector asked the boy and girl if he could look through their baseball cards. The boy and girl nodded affirmatively. As the collector was flipping through the boy's cards, he found a 1948 card featuring Branch Rickey, the former owner of the Brooklyn Dodgers. The collector, who knew the card was worth more than $500, offered the boy 50 cents for the card. The boy thought the card had very little value because he knew that Rickey was not a major league baseball player. The boy accepted the 50 cents and gave the Rickey baseball card to the collector. The next day the boy found out that the baseball card was worth$600. If the boy asserts a claim against the collector for deceit, will the boy prevail?","Yes, because the collector did not disclose the true value of the card.","Yes, because the boy was the true owner of the card and was entitled to the benefit of the bargain.","No, because the collector made no false representations of fact.","No, because the boy was not justified in relying on the collector's offer.",2
146,Glycolysis is the name given to the pathway involving the conversion of:,glycogen to glucose-1-phosphate.,glycogen or glucose to fructose.,glycogen or glucose to pyruvate or lactate.,glycogen or glucose to pyruvate or acetyl CoA.,2
147,Non- Parametric Tests are used when a study involves nominal or ordinal data or when assumptions of a parametric test are severely violated. When are the CHI-SQUARE TESTS used?,used if research includes nominal (categorical) data,used for rank-ordered data with 2 IVs,when 2 correlated groups are being compared using rank-ordered data,used for an analysis of variance for rank-ordered data,0
148,"A state recently enacted a statute requiring the following of all construction companies that do business with and for the state (defined generally as selling goods or providing services to the state, its agencies, or subdivisions):Such businesses must purchase insurance only from insurance companies chartered in the state and thus be subject to regulation by the state insurance commissioner;  In hiring any unskilled laborers for employment in connection with state business, preference must be given to citizens of the state;Nonresident aliens shall be prohibited from engaging in any state related business activities;  All buildings constructed for the state must have roofs composed of adobe, which is composed of yellow silt or clay deposits found only in the state. The proposed statute's preamble recites that its provisions will ensure:  responsible insurance coverage for all those who do business with the state;an increased standard of living for the citizens who comprise the state's labor force;  the lowest possible expenditures by the state government; and  a beautiful, uniform aesthetic decor for all new state buildings. If the state statute is attacked as violating the commerce clause, which of the following statements is most accurate?","The statute is a valid exercise of the state's police power to legislate to protect the health, safety, morals, and welfare of its citizens.",The statute falls within the reserved powers under the Tenth Amendment.,The statute should be invalidated if there are nondiscriminatory reasonable alternatives available to serve legitimate local interests.,"The statute is a valid exercise of state action only if the federal government has not previously ""occupied the field"" in this area.",2
149,"The defendant was on a date when the victim invited him up to her apartment for coffee. The defendant and the victim began to kiss on the couch. The defendant lifted the victim's shirt, and the victim gently pushed the defendant's hand away and then left the couch to make coffee. While the victim was making coffee, the defendant picked up her solid gold ring that she had carelessly left on the living room table. Intending to give it back to her with a diamond in it, he put it into his pocket and got ready to leave. Before the defendant went home, he stopped into a bar. There he met a patron who offered to sell him a two-month-old plasma TV for $200. The patron said that he would take only cash and that he also had some unboxed silverware and jewehy he could sell the defendant from his van, which was parked outside. The patron said, ""You better decide fast, because I've got to get out of town right away. "" The defendant, who knew that the TV was worth $1,000, gave the patron $200, and the patron gave the defendant the TV, which was not in a box. The patron did not tell the defendant he had just stolen the television from a house down the street. Based on the above facts, for which of the following crimes should the defendant be convicted?","Battery upon the victim, and larceny of the ring.",Larceny of the ring.,Embezzlement of the ring.,Receiving stolen property.,3
150,"What is the mode of the following set of scores? 70, 70, 80, 80, 60, 60, 50, 90, 90, 90",74,75,90,40,2
151,"Buyer purchases an item from a merchant that turns out to be unfit, defective and unsafe for its ordinary purposes. Assuming no other warranties, which of the following can be invoked by the buyer?",Express warranty,Implied warranty,Warranty of title,Warranty of merchantability,3
152,Newton’s law of cooling applies to objects that,cool,warm up,Both,Neither,2
153,"Statement 1| Besides EM, gradient descent can be used to perform inference or learning on Gaussian mixture model. Statement 2 | Assuming a fixed number of attributes, a Gaussian-based Bayes optimal classifier can be learned in time linear in the number of records in the dataset.","True, True","False, False","True, False","False, True",0
154,Helium effuses through a pinhole 5.33 times faster than an unknown gas. That gas is most likely,CO2,CH4,C5H12,C8H18,3
155,A capacitor can store,charge,energy,Both of these,Neither of these,2
156,Which one of the following is a feature of McGregor's Theory X?,Workers enjoy responsibility.,Workers view physical and mental effort as a natural part of work.,Workers like to show initiative.,Workers like to be directed.,3
157,To verify a digital signature we need the,Sender’s Private key,Sender’s Public key,Receiver’s Private key,Receiver’s Public key,1
158,"A state in which several popular ski resorts are located has enacted a law requiring state certification of ski instructors. Under the law, applicants for certification must attend a monthlong course, pass a test, and pay a fee of $1,000. The stated purpose of the law is to ""promote uniformity in the methods of ski instruction at the state's ski areas."" Shortly before the law's enactment, when the state did not require certification of ski instructors, a woman moved to the state intending to find employment as a ski instructor. The woman had been a ski instructor in another state for many years. But since her move, even though ski resorts in the state have found her to be highly qualified, no resort will offer her a contract for employment as a ski instructor because she has not received the required state certification. As applied to the woman, does the state certification requirement constitute a violation of the contracts clause?","No, because her ability to contract for employment with the state is not being impaired.","No, because she has no existing contract that is being impaired.","Yes, because, as applied to an otherwise qualified ski instructor, the requirement is not rationally related to a legitimate government interest.","Yes, because the requirement substantially impairs her ability to contract for employment in the absence of an important government objective.",1
159,"When you bend the branch of a tree by hanging on its end, the top side of the branch is under",tension.,compression.,Both.,Neither.,0
160,"A state recently enacted a statute requiring the following of all firms that do business with and for the state (defined generally as selling goods or providing services to the state, its agencies, or subdivisions):  Such businesses must purchase insurance only from insurance companies chartered in the state and thus be subject to regulation by the state insurance commissioner;  In hiring any unskilled laborers for employment in connection with state business, preference must be given to citizens of the state;  Nonresident aliens shall be prohibited from engaging in any state related business activities;  All buildings constructed for the state must have roofs composed of adobe, which is composed of yellow silt or clay deposits found only in the state. The proposed statute's preamble recites that its provisions will ensure:  responsible insurance coverage for all those who do business with the state;  an increased standard of living for the citizens who comprise the state's labor force;  the lowest possible expenditures by the state government; and  a beautiful, uniform aesthetic decor for all new state buildings. In evaluating the constitutionality of the state statute under the Supremacy Clause of Article VI, which of the following would be most relevant?",The number of aliens presently residing in the state.,The necessity for the enactment of this particular statute.,The treaties and immigration laws of the United States.,The overall unemployment rate in the United States.,2
161,A psychologist working in an elementary school setting asked to evaluate the effectiveness of a new school program that has served 200 to 300 children per year for the past 5 years. Appropriate pre- and postintervention measures are available for each child. The psychologist should choose the dependent variables for the evaluation by,averaging the scores from the tests to increase the reliability and therefore the validity of the measures,choosing from among the tests by selecting the test with the highest reliability,"asking the school principal to provide guidance on the selection of criteria, because the principal will have continuing responsibility for the results","using professional judgment to select from among the tests or combinations of tests, depending upon the goals of the program",3
162," An unjust society, according to John Rawls, can be roughly characterized as any society where","some have more goods (e.g., happiness) than others.",political power is mostly given to the wealthy and upper class.,there are inequalities that are not to the benefit of all.,liberty is restricted to those who have not earned it.,2
163,"To compute the matrix product M_1M_2, where M_1 has p rows and q columns and where M_2 has q rows and r columns, takes time proportional to pqr, and the result is a matrix of p rows and r columns. Consider the product of three matrices N_1N_2N_3 that have, respectively, w rows and x columns, x rows and y columns, and y rows and z columns. Under what condition will it take less time to compute the product as (N_1N_2)N_3 (i.e., multiply the first two matrices first) than to compute it as N_1(N_2 N_3)?","There is no such condition; i.e., they will always take the same time.",1/x + 1/z < 1/w + 1/y,x > y,1/w + 1/x < 1/y + 1/z,1
164,"The scores of Brian's team on the quiz were: 8, 6, 9, 7, 10, 9, 5, 4, 9. The median of the team's scores is",9,8,7.5,7,1
165,"For which of these two scenarios does the main character (who uses I/me/my) do something clearly morally wrong, according to ordinary moral standards in the US as of 2020? Scenario 1 | The surgeon general says smoking causes cancer, so I hide my husband's cigarettes. Scenario 2 | The antiques dealer gave me too much money for the trade so i took it back.","Wrong, Wrong","Wrong, Not wrong","Not wrong, Wrong","Not wrong, Not wrong",3
166,The soils of which of the following biomes has the highest rate of leaching and cycling of nutrients?,Tropical rain forest,Tundra,Taiga,Desert,0
167,"Based on the paper “SoK: SSL and HTTPS: Revisiting past challenges and evaluating certificates trust model enhancements”, which of the following statements are false?",Valid DV certificates provide more confidence to a user that she is connecting to the intended party than valid EV certificates.,OCSP stapling allows a server to prove to a browser that its certificate hasn’t been revoked.,DANE makes it difficult for an adversary to launch a SSL stripping attack.,Server key-pinning makes it harder for an adversary to convince a CA to mint a certificate for a site and launch an MITM attack on that site.,0
168,"Construct a complete truth table for the following argument. Then, using the truth table, determine whether the argument is valid or invalid. If the argument is invalid, choose an option which presents a counterexample. (There may be other counterexamples as well.)
~K ≡ L / (K · L) ∨ (K · ~L)",Valid,Invalid. Counterexample when K and L are true,Invalid. Counterexample when K is true and L is false,Invalid. Counterexample when L is true and K is false,3
169, What kind of consequentialist theory does Dershowitz think can justify terrorism in certain extreme particular cases?,act-based deontology,rule-based hedonism,rule utilitarianism,act utilitarianism,3
170,"Select the best translation into predicate logic: Cecilia breaks my heart if, and only if, Maria is either a problem or a girl.",Bc ≡ (Pm ∨ Gm),Bc ≡ (Pm • Gm),Bc ⊃ (Pm ∨ Gm),Cb ⊃ (Pm • Gm),0
171,Which expression shows a prime factorization?,2 • 9 • 11,2.5 • 7 • 3,1 • 11 • 13,2 • 2 • 2 • 3 • 11,3
172,What does the presence of discouraged workers do to the measurement of the unemployment rate?,"Discouraged workers are counted as ""out of the labor force"" thus the unemployment rate is understated making the economy look stronger than it is.","Discouraged workers are counted as ""out of the labor force"" thus the unemployment rate is understated making the economy look weaker than it is.",Discouraged workers are not surveyed so there is no impact on the unemployment rate.,"Discouraged workers are counted as ""unemployed"" thus the unemployment rate is understated making the economy look stronger than it is.",0
173,"This question refers to the following information.
""At least one of the [world's] societies would have to somehow enormously increase its productivity [in order to achieve global hegemony]. That quantum jump would have to be made before the various scientific, technological, agricultural, and industrial revolutions on which our post-quantum-leap world rests. It could only be accomplished by exploiting the ecosystems, mineral resources, and human assets of whole continents outside the lands of the society making the jump. Western Europe did just that by means of its brutality and guns and, more important, by geographical and ecological luck.""
Copyright © 2015 Cambridge University Press.
Alfred Crosby, historian, Ecological Imperialism, 2004
Which of the following would best support the author's assertion regarding the ""quantum jump"" that would help Western Europe achieve global hegemony between 1450 and 1750 C.E.?",The colonization of the interior of Africa,The conquest of the Aztec Empire,The reformation of Catholic Christianity,The isolationism of Tokugawa Japan,1
174,Incumbent members of the House of Representatives win reelection more often than incumbent senators for all of the following reasons EXCEPT,representatives' constituents more often belong largely to the representative's party,"senators have more political power than representatives, and Senate races are accordingly contested more aggressively",representatives may use federal funds to publicize their achievements via direct mail to constituents,representatives more often run uncontested,2
175,Plato's view is that true beauty is _____.,found in everyday objects,nonexistent,everywhere in the natural world,not of this world,3
176," Which of the given formulas of PL is the best symbolization of the following sentence?
Either England's importing beef is a sufficient condition for France's subsidizing agriculture, or China doesn't promote human rights when and only when South Africa supplies diamonds.",(E ⊃ F) ∨ (~C ⊃ S),(F ⊃ E) ∨ (S ⊃ ~C,(E ⊃ F) ∨ ~(S ≡ C),(E ⊃ F) ∨ (~C ≡ S),3
177,If your nominal income rises 4 percent and your real income falls 1 percent by how much did the price level change?,5 percent decrease,¼ percent increase,3 percent increase,5 percent increase,3
178,What is personal (ratione personae) immunity?,Personal immunity is afforded to all physical persons,Personal immunity is that which is afforded in a personal capacity and hence does not cover conduct of the State as such,Personal immunity is afforded only to particular persons irrespective if their conduct was undertaken in a private or public capacity,Personal immunity is afforded to State officials for conduct undertaken in a public capacity,2
179,A newspaper reporter examined police reports of accidents during the past 12 months to collect data about the speed of a car and its stopping distance. The reporter then constructed a scatterplot and computed a correlation coefficient to show the relation between a car’s speed and its stopping distance. This is an example of,a double-blind study,a single-blind study,a study involving no blinding at all,an observational study,3
180,The power required to raise a 100-kg crate a vertical distance of 2 m in a time of 4 s is,200 W,500 W,800 W,2000 W,1
181,A 20-month old clings nervously to her mother and does not want to explore a new play environment. She suddenly pushes her mother away and does not engage in any hugs her mother tries to give her. The infant’s facial expression shows anxiety but she looks away from her mother. The mother turns away from the baby as well. This child most likely has which type of attachment to her mother?,Secure,Insecure avoidant,Insecure resistant,Insecure disorganized,2
182,A 32-year-old man who is a jackhammer operator comes to the physician because of pain and swelling of his right arm for 3 days. The symptoms are moderately exacerbated by exertion. Examination of the right upper extremity shows erythema and moderate edema. Capillary refill time is less than 3 seconds. Which of the following is the most likely diagnosis?,Axillary-subclavian venous thrombosis,Deep venous valvular insufficiency,Superficial thrombophlebitis of the basilic vein,Superior vena cava syndrome,0
183,The short-run Phillips curve depicts the ____ relationship between ____ and ____.,positive price level interest rate,negative interest rate private investment,negative the inflation rate the unemployment rate,positive price level real GDP,2
184,What is the least perfect square with 3 different prime factors?,300,9,900,666,2
185,Which of these people was buried in the Valley of the Kings?,Louis XIV,Elvis Presley,Julius Caesar,King Tut,3
186,What does EXE do when the STP solver times out on a constraint query for a particular path?,Assume that the query is satisfiable and continue executing the path.,Assume that the query is not satisfiable and stop executing the path,"Restart STP and retry the query, up to a limited number of retries.",Remove a subset of the constraints and retry the query.,1
187,"On his 21st birthday, a son enlisted in the army. As he was about to leave for eight weeks of basic training, his father said, ""I will buy you a new car at the end of basic training if you promise me not to take illegal drugs or drink alcohol while at basic training. "" The son replied, ""You can order the new car right away. I promise not to take illegal drugs or drink alcohol, as you requested. ""At the end of basic training, the son was given a leave and returned home. His father asked, ""Did you abide by your promise not to take illegal drugs or drink alcohol?"" The son replied, ""Yes, Father. "" The father then told the son that he had already ordered the new car and that it would be available for delivery within one month. One week later, the son received the tragic news that his father had died suddenly. At the funeral, the executor of the father's estate told the son that he did not feel compelled to give the son the newly arrived car. In a suit against the executor of the father's estate to recover the new car, the son will","succeed, because the son's promise to refrain from drinking alcohol provided sufficient consideration.","succeed, because the son's promise to refrain from taking illegal drugs and drinking alcohol provided sufficient consideration.","not succeed, because the father's promise was only a conditional gift.","not succeed, because the father's promise was void.",0
188,"Which of the following will be increased in vitamin K deficiency
",The plasma concentration of calcitonin,The plasma concentration of prothrombin,The time for blood to clot,Haemolysis due to oxidative damage to red cell membranes,2
189,"A rubber ball (mass = 0.08 kg) is dropped from a height of 3.2 m, and after bouncing off the floor, rises almost to its original height. If the impact time with the floor is measured to be 0.04 s, what average force did the floor exert on the ball?",0.16 N,0.16 N,0.32 N,0.36 N,2
190,"For which of these two scenarios does the main character (who uses I/me/my) do something clearly morally wrong, according to ordinary moral standards in the US as of 2020? Scenario 1 | I always gave extra credit on exams to those who had blue eyes. Scenario 2 | I sat outside to spy on the neighbors that came out at night.","Wrong, Wrong","Wrong, Not wrong","Not wrong, Wrong","Not wrong, Not wrong",0
191,If $1000 is deposited into a checking account and excess reserves increase by $700 the reserve ratio must be:,70%.,30%.,40%.,90%.,1
192,"Susan Seller mailed a letter to Bobby Buyer after Bobby called her inquiring if her antique 1932 Ford Roadster was for sale. The letter stated, ""I want to sell my antique Ford Roadster for a price above $20,000. If you are interested please contact me."" Three days later Bobby sent a letter to Susan stating ""I agree to pay your asking price of $20,000 for the 1932 Ford Roadster."" The next day Susan sold the car to Harriet Higherprice for $25,000. If Bobby brings suit against Susan for breach of contract, the likely outcome is","For Bobby, since her acceptance was timely under the mail box rule.","For Susan, because her letter to Bobby was not an offer.","For Susan, because the sale to Harriett was made before Susan was aware that Bobby had accepted.","For Bobby, because her communication met the full price which Susan was asking for the automobile.",1
193,"A large island is devastated by a volcanic eruption. Most of the horses die except for the heaviest males and heaviest females of the group. They survive, reproduce, and perpetuate the population. Since weight is highly heritable and the distribution of weights approximates a binomial distribution, the offspring of the next generation would be expected to have",a higher mean weight compared with their parents,a lower mean weight compared with their parents,the same mean weight as members of the original population,a higher mean weight compared with members of the original population,3
194,If the economy experienced a decrease in real GDP and price level this could best be explained by,a decline in labor productivity.,a technological advance.,a decline in investment.,an uptick in net exports.,2
195," Suppose Wellman argued that just as you have a right not to marry someone who would be harmed by your refusal, a state is free to exclude others even if it causes harm to them. Fine would respond by saying that",the liberal state cannot claim to be primarily an intimate or expressive association.,you do not have the right to refuse a legitimate marriage proposal.,there is no difference between marital relationships and the relationship between a citizen and his state.,refusing to marry someone cannot be a cause of harm.,0
196,How long ago did human groups begin actively controlling their food sources by artificially producing conditions under which these sources would grow?,"within the past 6,000 years","within the past 12,000 years","within the past 18,000 years","within the past 28,000 years",1
197,Which statement is true?,"If f(x) is continuous at x = c, then f′(c) exists.","If f′(c) = 0, then f has a local maximum or minimum at (c, f (c)).","If f′′(c) = 0, then the graph of f has an inflection point at (c, f (c)).","If f is differentiable at x = c, then f is continuous at x = c.",3
198,What US president is mentioned by name in the opening theme song of TV's 'All in the Family'?,Calvin Coolidge,Harry Truman,Herbert Hoover,Richard Nixon,2
199,Magnetic flux has the unit of,Newton,Ampere turn,Weber,Tesla,2
200,Which of these men has never been a head coach in the NFL?,Dick Vermeil,Bill Parcells,Chuck Noll,Pat Riley,3
201,A chemical agent is found to denature all enzymes in the synaptic cleft. What effect will this agent have on acetylcholine?,Acetylcholine will not be released from the presynaptic membrane.,Acetylcholine will not bind to receptor proteins on the postsynaptic membrane.,Acetylcholine will not diffuse across the cleft to the postsynaptic membrane.,Acetylcholine will not be degraded in the synaptic cleft.,3
202,"After 6 months of once-2-week therapy and several attempts to evaluate and adjust treatment goals and strategies, a patient continues to complain over several sessions thar therapy has not helped and that therapy goals have not been met. The psychologist should",immediately terminate treatment and refer the patient elsewhere,discuss the possibility that the patient consult with another therapist,treat this as an instance of resistance,increase the frequency of sessions,1
203,"A buyer purchased a new van from a car dealer. Two weeks later, the buyer was driving to work when the brakes suddenly failed. The buyer tried to stop the van for a red light, but the brakes failed to operate. As a consequence, the buyer drove through the red light and collided with a car driven by a woman. Subsequently, the woman asserted a claim against the buyer to recover for the injuries she suffered in the accident. At trial, the only evidence offered by the plaintiff concerning the cause of the accident was the testimony of an engineering expert. He testified that a manufacturing defect had caused the brakes to suddenly fail. Based on the facts stated above, a motion by the buyer to dismiss at the end of the woman's case should be","granted, because the woman presented no evidence that the buyer was negligent.","granted, because the woman was neither the user nor the consumer of the defective product.","denied, because the buyer had a non-delegable duty to maintain the brakes in a safe condition.","denied, because the buyer is strictly liable for injuries caused by a manufacturing defect in an auto that he had purchased.",0
204,"Statement 1| Industrial-scale neural networks are normally trained on CPUs, not GPUs. Statement 2| The ResNet-50 model has over 1 billion parameters.","True, True","False, False","True, False","False, True",1
205,Which of the following is NOT one of the more frequently named activities by those who are retired?,Volunteering,Travel,Redoing the home,Household chores,2
206,"Under the matrix notation for the classical linear regression model, $y = X \beta + u$, what are the dimensions of $u$?",T x k,T x 1,k x 1,1 x 1,1
207,"A farmer owns a large farm on which he allows his friends to hunt during quail-hunting season. He does not provide his friends with any instructions about gun safety. The neighbor who owns property adjacent to the farm knows of the friends' use of the property during the hunting season. One day during the hunting season, without the farmer's knowledge or permission, the neighbor took a shortcut across the farm to visit an acquaintance. The neighbor was wounded by a shot fired by one of the farmer's friends, who was shooting at quail and carelessly failed to see the neighbor. Traditional rules of landowners' and occupiers' liability apply. In an action by the neighbor against the farmer to recover for the injuries, will the neighbor be likely to prevail?","No, because the farmer is not responsible for his friends' conduct.","No, because the neighbor was trespassing.","Yes, because the careless friend was permitted to hunt without safety training.","Yes, because the use of firearms is an abnormally dangerous activity.",1
208,Excess reserves in the banking system will increase if,the reserve ratio is increased.,the checking deposits increase.,the discount rate is increased.,the Fed sells Treasury securities to commercial banks.,1
209,Physics students are checking the constant acceleration equations of kinematics by measuring the velocity of a tennis ball that is dropped and falls 6 meters and then passes through a photogate. The predicted velocity is 20% above the velocity measured by the photogate. Which of the following best describes the cause of the large percent difference?,The ball changes its shape while falling.,The acceleration of gravity varies as the ball is falling.,Air resistance increases the acceleration of the ball.,The acceleration of the balls varies with the velocity.,3
210,What is the relationship between historical materialism and the global justice movement?,"Historical materialism as a paradigm is opposed to the broad goals of the global justice movement, which advocates an expansion of neo-liberalism in the aftermath of the global financial crisis.",Historical materialism has an established history of supporting global justice and opposing inequality; during the Cold War it was the basis of opposition to repressive communist states.,"Historical materialism does not provide any unique perspective on capitalism, and is more concerned with the history of capitalist trade than with exploitation or alienation of populations in the system.","Historical materialism can concern both human rights and economic rights. It has been an important part of anti-globalisation and alternative-globalisation movements, including the Occupy protests.",3
211,"Over the course of many months, a series of test items is administered to people of varying ages, races, and social backgrounds, to determine which questions will be retained on the final version of a test. This process is called",consent validation,concurrent validation,predictive validation,standardization,3
212,Which of the following coronaviruses has caused thousands of deaths around the world as an 'emergent' virus?,MERS,SARS,OC43,HKU1,0
213,"A theater group has eight members, of which four are females. How many ways are there to assign the roles of a play that involve one female lead, one male lead, and three different objects that can be played by either gender?",640,720,8,1920,3
214,"In this chapter's Senior View, May Lee told us that we should all respect our elders because",They are much older than we are,They raised us,They lived through difficult times,They ask nothing in return,1
215,Which of the following is an example of a concurrent power?,The printing and coining of money,The power to declare war,The process of naturalization,The levying of taxes,3
216,"The authorities arrested a man without a warrant and held him imprisoned for 14 days without a determination of probable cause. He finally saw a public defender who filed a motion to dismiss alleging an unconstitutional detention in violation of due process. The prosecution countered that the state's rules allowed for detention without a probable cause hearing for up to 30 days, and that the procedure was constitutional. Will the court most likely decide that this detention is unconstitutional?","No, because the Supreme Court has ruled that detentions can properly last up to 30 days without a probable cause determination.","No, because each case must be decided on its own facts and there may be many good reasons why the state has not yet provided a probable cause determination.","Yes, because when the state arrests someone without a warrant it must provide a prompt probable cause determination.","No, because it is constitutional to hold someone for up to 15 days without a probable cause determination.",2
217,"In general, it can be said that job satisfaction",is not highly correlated with job performance,seems to increase considerably with an increase in wages,is higher in groups that do not have to assume responsibility,tends to decrease steadily as tenure on a job increases,0
218,Which of the following poses the greatest safety risk while being heated in a school laboratory?,A mixture of iron and sulfur,Mercury(II) oxide,Sodium chloride,Copper(II) sulfate hydrate,1
219," According to Nathanson, criminals who commit murder forfeit their right to",life.,respect.,privacy.,humane treatment.,2
220,Which type of retailer involves comparatively low prices as a major selling point combined with the reduced costs of doing business?,Discount retailers.,Convenience stores.,Category killer stores.,Limited line retailers.,0
221,"Police received information from a reliable informant that a defendant would be extorting money from a victim. The informant gave the police explicit details about the extortion scheme: the defendant would be calling the victim from a public phone booth on a particular street corner on a certain date and time to make the extortionist demand. Without notif'ing the telephone company or seeking a warrant, the police installed an eavesdropping device on the public phone. At the time on the date specified by the informant, the defendant phoned the victim from the telephone booth and said, ""You better pay me $5,000 by next week or I'll kill you and your family. "" The defendant provided additional details about how and where to make the payoff. Based on the taped conversation, the police arrested the defendant and charged him with extortion. Prior to trial, the defendant's attorney moves to exclude the taped conversation from evidence. The defense motion should be","granted, because the police did not secure a warrant before installing the eavesdropping device.","granted, because the police did not obtain prior approval of the telephone company before installing the eavesdropping device.","denied, because the defendant did not have reasonable expectation of privacy.","denied, because the police had probable cause based on the information supplied by the informant.",0
222,The information that family members continuously exchange and that helps minimize deviation and maintain the family's stability is referred to as ________ feedback.,external,internal,negative,positive,2
223,"Ben rolls two fair six-sided dice. What is the expected value of the larger of the two numbers rolled? Express your answer as a fraction. (If the two numbers are the same, we take that number to be the ""larger"" number.)",\frac{161}{6},\frac{161}{36},161,\frac{161}{3},1
224,The role of the outer ear is to,transduce sound waves to stimulate the ossicles,conduct sound by exciting the cilia in the inner ear,protect the eardrum while it transduces sound,collect and focus sounds from the air,3
225," According to Hindu tradition, who is considered to be the ideal wife?",Sita,Rama,Kali,Durga,0
226,"If, on average, 46% of the loci in a species' gene pool are heterozygous, then the average homozygosity of the species should be",23%,46%,54%,92%,2
227,HOUSE’S PATH-GOAL THEORY OF LEADERSHIP predicts that subordinate satisfaction and motivation are maximized when they believe the leader is helping. How is the Instrumental leadership style?,establishes supportive relationships with subordinates,includes subordinates in decision-making,provides specific guidelines and clear rules and procedures,sets challenging goals and encourage higher levels of performance,2
228,Women's world record performances have improved rapidly in recent years mainly because:,women have evolved a greater muscle mass.,women can now run faster than men.,women have started training at an earlier age.,more women are now engaged in sport.,3
229,"You receive an e-mail from Dr. Brenda Browne, a licensed psychologist, who is currently seeing one of your former clients for a substance abuse disorder. Dr. Browne asks you to forward the client’s file to her and states that the client has signed a release authorizing you to do so. You should:",wait until you receive a request from the client before taking any action.,contact the client to discuss the release of information.,forward a photocopy of the file to the psychologist as requested.,forward a summary of the file to the psychologist that includes only information related to the client’s current condition.,1
230,How would the following ratios or measures be affected if a company issued additional capital stock for cash? Total debt to total assets Working capital,Increase Increase,Increase Decrease,Decrease Increase,Decrease Decrease,2
231,"In either a fission event or a fusion event, a quantity that remains unchanged is the",kinetic energy,mass,number of nucleons,binding of nucleons,2
232,"A student eats 3 slices of pizza while studying for his Economics exam. The marginal utility of the first slice of pizza is 10 utils, the second slice is 7 utils, and the third slice is 3 utils. Which of the statements below holds true with the above data?",The student would not eat any more pizza.,The marginal utility of the 4th slice of pizza will be 0.,The student should have stopped eating pizza after 2 slices.,The total utility this student received from eating pizza is 20 utils.,3
233,Which of the following is most characteristic of gesture drawing?,An outline,Action and movement,Gradual shading,Carefully observed details,1
234,"An unknown substance is found to have a high melting point. In addition, it is a poor conductor of electricity and does not dissolve in water. The substance most likely contains",ionic bonding,nonpolar covalent bonding,covalent network bonding,metallic bonding,2
235,The primary purpose of a Supervised Agricultural Experience ( SAE ) program is to,provide a basis for students to apply for and win proficiency awards,provide students with an income to be used to learn money management skills,"give students a chance to earn enough money to qualify for local, state, and national FFA degrees",allow students to apply skills learned in the classroom and learn new skills in a specialized area,3
236,"A 55-year-old woman with small cell carcinoma of the lung is admitted to the hospital to undergo chemotherapy. Six days after treatment is started, she develops a temperature of 38°C (100.4°F). Physical examination shows no other abnormalities. Laboratory studies show a leukocyte count of 100/mm3 (5% segmented neutrophils and 95% lymphocytes). Which of the following is the most appropriate pharmacotherapy to increase this patient's leukocyte count?",Darbepoetin,Dexamethasone,Filgrastim,Interferon alfa,2
237,"A pedestrian was injured when hit by a chair that was thrown from an upper-story hotel window. The pedestrian sued the occupants of all the rooms from which the chair might have been thrown. At trial, the pedestrian has been unable to offer any evidence as to the exact room from which the chair was thrown. The defendants have filed a motion for a directed verdict. Should the court grant the motion?","No, because it is unreasonable to expect the pedestrian to prove which of the defendants caused the harm.","No, because of the doctrine of alternative liability.","Yes, because a plaintiff always has the burden to prove that a particular defendant's conduct was the factual cause of the plaintiff's physical harm.","Yes, because the pedestrian has failed to offer evidence that the defendants jointly engaged in tortious conduct.",3
238," In his final work, Laws, Plato shifted from cosmology to which of the following issues?",Epistemology,Morality,Religion,Aesthetics,1
239,"This question refers to the following information.
The assumption by a government of the office of Reliever-general to the poor is necessarily forbidden by the principle that a government cannot rightly do anything more than protect. In demanding from a citizen contributions for the mitigation of distress … the state is … reversing its function. … To enforce the fundamental law—to take care that every man has freedom to do all that he wills, provided he infringes not the equal freedom of any other man. … [But that] is quite a separate thing from insuring him satisfaction. …
The poverty of the incapable, the distresses that come upon the imprudent, the starvation of the idle, and those shoulderings aside of the weak by the strong … are the decrees of a large, farseeing benevolence. … When regarded not separately, but in connection with the interests of universal humanity, these harsh fatalities are seen to be full of the highest beneficence.
Herbert Spencer, Social Statistics: Survival of the Fittest Applied to Humankind, 1851
From the passage, one may infer that Spencer advocated which social philosophy?",Utopian socialism,Social conservatism,Romanticism,Social Darwinism,3
240,"This question refers to the following information.
""I was once a tool of oppression
And as green as a sucker could be
And monopolies banded together
To beat a poor hayseed like me.
""The railroads and old party bosses
Together did sweetly agree;
And they thought there would be little trouble
In working a hayseed like me. . . .""
—""The Hayseed""
Which of the following is an accomplishment of the political movement that was organized around sentiments similar to the one in the song lyrics above?",Establishment of the minimum wage law.,Enactment of laws regulating railroads.,Shift in U.S. currency from the gold standard to the silver standard.,Creation of a price-support system for small-scale farmers.,1
241,"Except for identical twins, no two people are genetically identical. Which of the following statements most accurately describes the main source of variation in humans?",The main source of variation in humans is genetic drift.,Changes in the environment cause rapid changes in different human populations.,Shuffling of alleles is responsible for the greatest variation in humans.,Mutations are responsible for the greatest changes in different human populations.,2
242,A student in the process of solving a fabrication problem in the manufacturing laboratory asks the teacher what assembly procedures should be used. The teacher's best response would be to,give an opinion as to the best assembly procedure for the particular problem,suggest two or three possible assembly procedures and have the student select one,place the responsibility completely on the student for making the judgment,use leading questions to help the student review and analyze the relative merits of several assembly procedures,3
243,"For which of these two scenarios does the main character (who uses I/me/my) do something clearly morally wrong, according to ordinary moral standards in the US as of 2020? Scenario 1 | When I walked in the room, I stole everybody's wallets. Scenario 2 | I ordered my third grade class to study.","Wrong, Wrong","Wrong, Not wrong","Not wrong, Wrong","Not wrong, Not wrong",1
244, Shapiro discusses experiments about the role of expectations in the experience of drug use to show that,drug effects are inherently biological and are not influenced at all by expectations and other psychological factors.,"users who do not expect to get addicted to ""hard"" drugs almost always do.",there is no such thing as drug addiction.,sometimes a drug's effects are the direct result of what one expects from the drug.,3
245,The maternal serum level of alpha-fetoprotein (AFP) is lower than average in which situation?,Down syndrome,Exomphalos,Neural tube defects,Twin pregnancies,0
246,"For which of these two scenarios does the main character (who uses I/me/my) do something clearly morally wrong, according to ordinary moral standards in the US as of 2020? Scenario 1 | I got a good grade on the test because I studied for it. Scenario 2 | I made my boyfriend an homemade dinner from our chicken's eggs.","Wrong, Wrong","Wrong, Not wrong","Not wrong, Wrong","Not wrong, Not wrong",3
247,"According to Ross, justice is:",when all laws are followed.,when contracts and promises are adhered to.,when the distribution of happiness is in accordance with merit.,when the guilty are punished for their crimes.,2
248,The observed times (in minutes) it takes a runner to complete a marathon are normally distributed. The z-score for his running time this week is –2. Which one of the following statements is a correct interpretation of his z-score?,This week his time was two minutes lower than his time last week.,This week his time was two minutes lower than his best time ever.,This week his time was two minutes lower than his average time.,This week his time was two standard deviations lower than his average time.,3
249,Suppose the President plans to cut taxes for consumers and also plans to increase spending on the military. How does this affect real GDP and the price level?,GDP increases and the price level decreases.,GDP decreases and the price level increases.,GDP stays the same and the price level increases.,GDP increases and the price level increases.,3
250,"For which of these two scenarios does the main character (who uses I/me/my) do something clearly morally wrong, according to ordinary moral standards in the US as of 2020? Scenario 1 | I disabled the brakes on the car. Scenario 2 | I added my name to the back before I cashed the check my granny gave me for my birthday.","Wrong, Wrong","Wrong, Not wrong","Not wrong, Wrong","Not wrong, Not wrong",1
251,Which of the following molecules will stop being produced first when oxygen is no longer supplied to the cell?,Oxaloacetate,Pyruvate,Water,Adenosine triphosphate,2
252,"When an object is set vibrating by a wave that has a matching frequency, what occurs is",forced vibration,resonance,refraction,amplitude reduction,1
253,According to the children's nursery rhyme what type of ocean did Columbus sail in 1492?,calm,blue,windy,really big,1
254,"If f is a linear function with nonzero slope, and c < d, which of the following must be FALSE?",f (c) = f (d),f (c) ≠ f (d),f (c) > f (d),f (c) < f (d),0
255,Our ability to perceive depth depends primarily on what other perceptual abilities?,proximity and similarity,top-down processing and bottom-up processing,binocular and monocular cues,size and shape constancy,2
256,Which of the following is true of congressional redistricting?,The responsibility for redrawing congressional districts belongs to congressional committees.,It is a noncontroversial process because it has few political ramifications.,It occurs every 10 years to reflect changes in population according to the census.,The Supreme Court has ruled that legislators may not consider racial demographics when redrawing districts.,2
257,Milton Friedman,never won a Nobel Prize despite his contributions to economic analysis.,is a Monetarist.,is a Keynesian.,won a Nobel Prize for his contributions to Classical economic analysis.,1
258,"Of the following, most children will develop which skill first?",write with a pencil,cut with a knife,say a sentence,clap their hands,3
259,"At the time of independence, there were already hundreds of thousands of university graduates in ____, but hardly any at all in ____.","India, Congo","India, South Korea","Congo, South Korea","South Korea, India",0
260,"Within the United Nations, real power is located in",the Security Council.,the Chamber of Deputies.,the Council of Ministers.,the Secretariat.,0
261,Students are conducting a plant pigment separation exercise that requires them to use a closed chromatography chamber with a small amount of acetone in the bottom of the chamber. Safety warnings for acetone include the statement that it is an eye and skin irritant and has flammable vapors. Of the following‚ which safety precaution should the students take while conducting the exercise?,Putting on fire-retardant gloves to carry the chamber to a fume hood if the acetone catches fire,"Placing the chamber in a closed, darkened cabinet for the duration of the pigment separation",Wearing leather gloves and covering the nose and mouth with a particle mask,Wearing goggles and nitrile-type gloves and keeping all acetone containers closed,3
262,Which of the following is not among the methods unions use to increase wages?,Negotiations to obtain a wage floor,Restrictive membership policies,Efforts to decrease the prices of substitute resources,Featherbedding or make-work rules,2
263,A company may become insolvent if it,has negative working capital,cannot meet its budgeted level of profit,makes a loss,cannot pay creditors in full after realisation of its assets,3
264,Which of the following is a frameshift mutation?,CAT HAS HIS → CAT HAS HIT,CAT HAS HIS → CAT HSH ISA,CAT HAS HIS → CAT HIS HAT,CAT HAS HIS → CAT WAS HIT,1
265," In his discussion of the Divided Line, Plato says that, in contrast to mere belief or opinion, knowledge is a belief for which we give reasons or justifications by appealing:","to what our senses reveal to us about how things appear to us, not how they  really are.","beyond the Forms to images of goodness, beauty, and truth obtained from particular objects.",to what we sincerely believe is true about the Forms based on our experiences in the world.,beyond sense experience to unchanging ideas (Forms) that are perceived as rationally ordered.,3
266,"An orange grove and a grapefruit grove are two parcels abutting each other. A citrus grower owns the orange grove in fee simple and maintains both his dwelling house and the business he operates on the orange grove. He has a right of way, granted by a written agreement, across the grapefruit grove for crossing the grapefruit grove on foot, by bicycle, or automobile. A farmer is the owner of the grapefruit grove. The citrus grower's property interest in the use of his right of way across the grapefruit grove may best be described as a (an)",license.,easement in gross.,easement appurtenant.,prescriptive easement.,2
267,Which of the following defenses may NOT be used to legally avoid payment on a negotiable instrument?,Breach of contract,Diminished economic resources,Fraud in the inducement,Mental incapacity,1
268, Which of the following theories will approach the morality of abortion by considering how much overall intrinsic value is likely to be brought about by abortion?,virtue ethics,consequentialist theory,Kantian ethics,natural law theory,1
269, How old was Guru Nanak when he started to preach the message of the divine Name?,30,40,33,52,0
270,"Max was typically out of control whenever he attended preschool. Teachers tried time-outs and other punishments to no avail. His parents and the school decided to work with Max by giving him a sticker each time he behaved for a full hour. Once he accumulated ten stickers, he could present them to his parents who would give him a reward. The method the school and parents chose to employ is referred to as",negative reinforcement,a token economy,a point value system,negative punishment,1
271,The vibrations in a longitudinal wave move in a direction,along and parallel to the wave,perpendicular to the wave,Both of these,Neither of these,0
272,Which of the following best describes an anthropologist who studies the human skeleton in order to solve crimes?,forensic anthropologist,historical archaeologist,paleoanthropologist,linguistic anthropologist,0
273,The light reactions of photosynthesis supply the Calvin cycle with which of the following?,The light reactions provide oxygen for the light-independent reactions.,ATP and NADPH provide the power and raw materials for the Calvin cycle.,Water entering the plant through the roots provides hydrogen directly to the Calvin cycle.,CO2 released by the light-dependent reactions provides the raw material for the Calvin cycle.,1
274,Hypnosis is best described as a response to suggestion involving:,a measurable physiological change.,"an alteration in memory, mood, and perception.",increased compliance to situational demands.,a state of “artificial sleep.”,1
275,"During the Pleistocene era, the islands of Java, Sumatra, Bali, and Borneo formed ___________. The landmass connecting Australia, New Guinea, and Tasmania was called ___________.",Sunda; Wallacea,Wallacea; Beringia,Beringia; Sahul,Sunda; Sahul,3
276,A sample of liquid NH3 is brought to its boiling point. Which of the following occurs during the boiling process?,The N-H bonds within the NH3 molecules break apart.,The overall temperature of the solution rises as the NH3 molecules speed up.,The amount of energy within the system remains constant.,The hydrogen bonds holding separate NH3 molecules together break apart.,3
277,Why do vigorous CD8 cell responses in chronically infected HIV-positive individuals fail to eliminate the virus?,CTL exhaustion,Epitope escape,Suboptimal CTL,Absence of dendritic cells,1
278,"A statute passed by both houses of Congress and signed by the President authorizes a federal agency to select a site for and to construct a monument honoring members of the capitol police force killed in the line of duty. The statute appropriates the necessary funds but provides that the funds may not be expended until both houses of Congress have adopted a concurrent resolution, not subject to presentment to the President, approving the agency's plans for the monument's location and design. Is the provision requiring further congressional approval before expenditure of the funds constitutional?","No, because decisions regarding the placement and design of government-owned structures are an exclusively executive function with which Congress may not interfere by any means.","No, because the provision amounts to an unconstitutional legislative interference with an executive function.","Yes, because Congress may attach reasonable conditions to its appropriation of funds to executive departments, and its special interest in the members of its own police force makes the provision a reasonable condition.","Yes, because the provision is part of a statute that was passed by both houses of Congress and signed by the President.",1
279,Hemoglobin is a molecule that binds to both O2 and CO2. There is an allosteric relationship between the concentrations of O2 and CO2. Hemoglobin's affinity for O2,decreases as blood pH decreases,increases as H+ concentration increases,increases in exercising muscle tissue,decreases as CO2 concentration decreases,0
280,Which of the following closes and seals off the lower airway during swallowing?,Alveoli,Epiglottis,Larynx,Uvula,1
281,"Eleven pencils cost as much as three pens. If seven pens cost $\$ 9.24$, what is the cost, in cents, of one pencil?",11,33,36,52,2
282,Dr. Scarlett conducted experiments in which she electrically stimulated parts of a cat's brain. A cat that became terrified in the presence of a mouse was most likely stimulated in the,limbic system,thalamus,medulla,cerebellum,0
283, The train operator understands customer desire for a comfortable seat but fails to specify how many should be provided relative to the anticipated number of travellers on each route. This is an example of:,GAP 2-the gap between management perception and service-quality specification.,GAP1-the gap between the customer's expectations and management perception.,GAP 3-the gap between service-quality specifications and service delivery.,GAP 4-the gap between service delivery and external communications.,0
284,Which of the following is not a transport layer vulnerability?,"Mishandling of undefined, poorly defined variables",The Vulnerability that allows “fingerprinting” & other enumeration of host information,Overloading of transport-layer mechanisms,Unauthorized network access,3
285,The 80% rule is used to determine if:,a selection procedure is having an adverse impact.,a selection procedure is cost effective.,a performance appraisal measure has adequate relevance.,a performance appraisal measure has adequate utility.,0
286,Which of the following are most directly designed to help determine whether the findings of a study reflect a truly replicable phenomenon rather than the outcomes of chance processes?,Inferential statistics,Descriptive statistics,Standard deviation,Extraneous variables,0
287,"This question refers to the following information.
First we must remark that the cosmos is spherical in form, partly because this form being a perfect whole requiring no joints, is the most complete of all, partly because it makes the most capacious form, which is best suited to contain and preserve everything; or again because all the constituent parts of the universe, that is the sun, moon and the planets appear in this form; or because everything strives to attain this form, as appears in the case of drops of water and other fluid bodies if they attempt to define themselves. So no one will doubt that this form belongs to the heavenly bodies. …
That the earth is also spherical is therefore beyond question, because it presses from all sides upon its center. Although by reason of the elevations of the mountains and the depressions of the valleys a perfect circle cannot be understood, yet this does not affect the general spherical nature of the earth. …
As it has been already shown that the earth has the form of a sphere, we must consider whether a movement also coincides with this form, and what place the earth holds in the universe. … The great majority of authors of course agree that the earth stands still in the center of the universe, and consider it inconceivable and ridiculous to suppose the opposite. But if the matter is carefully weighed, it will be seen that the question is not yet settled and therefore by no means to be regarded lightly. Every change of place which is observed is due, namely, to a movement of the observed object or of the observer, or to movements of both. … Now it is from the earth that the revolution of the heavens is observed and it is produced for our eyes. Therefore if the earth undergoes no movement this movement must take place in everything outside of the earth, but in the opposite direction than if everything on the earth moved, and of this kind is the daily revolution. So this appears to affect the whole universe, that is, everything outside the earth with the single exception of the earth itself. If, however, one should admit that this movement was not peculiar to the heavens, but that the earth revolved from west to east, and if this was carefully considered in regard to the apparent rising and setting of the sun, the moon and the stars, it would be discovered that this was the real situation.""
Nicolas Copernicus, The Revolutions of the Heavenly Bodies, 1543
From the passage, one could argue that Copernicus was working in",the Aristotelian tradition,the natural magic tradition,the skeptical tradition,the Platonic/Pythagorean tradition,2
288,The psychology licensing exam (EPPP) is best described as:,a way to protect the public from incompetent psychologists.,a measure of knowledge that is foundational to the competent practice of psychology.,a predictor of the job performance of professional psychologists.,a way of determining if psychologists need additional training or supervision before being licensed.,1
289,"The energy stored in the magnetic field in a solenoid 30 cm long and 3 cm diameter wound with 1000 turns of wire carrying a current at 10 amp, is",0.015 joule.,0.15 joule.,0.015 joule.,1.15 joule.,1
290,"For which of these two scenarios does the main character (who uses I/me/my) do something clearly morally wrong, according to ordinary moral standards in the US as of 2020? Scenario 1 | I passionately kissed my husband in the living room. Scenario 2 | I rushed my grandfather to the hospital when he had a heart attack.","Wrong, Wrong","Wrong, Not wrong","Not wrong, Wrong","Not wrong, Not wrong",3
291,Put a saucer of water on your table. A process that then occurs is,evaporation,condensation,Both,Neither,2
292,"A 35-year-old female develops nausea and vomiting after she underwent a cholecystectomy for protracted ileus. Her body mass index was 23 kg/m2 before surgery, and, except for the cholecystitis, she was in good health. The patient remains unable to eat 6 days after surgery. Which of the following forms of nutritional support is most appropriate for this patient?",central hyperalimentation,feeding through a nasogastric feeding tube,oral fat-free modular diet,peripheral hyperalimentation,3
293,"In the atomic nucleus, electrical forces tend to",hold particles together,push particles apart,produce orbital motion,charge particles,1
294,"According to Byrne's law of attraction and his formula, we are attracted to people who:",provide a lot of reinforcement and a small amount of punishment,provide more punishment than reinforcement,provide an equal balance of punishment and reinforcement,are extremely attractive and provide a lot of reinforcement,0
295,"This question refers to the following information.
Questions to the passage below, an account given to a French officer in Algeria in the 1830s by a member of an Arab slave trade caravan.
The Slave Trade
All of you [soldiers], are summoned . . . to hunt the idolatrous Koholanes [a pejorative word for ""black Africans""]. . . . The soldiery divided themselves into two companies . . . with orders to attack places without defenses and to carry off the inhabitants as well as seizing all peasants busy cultivating their fields. . . . Whilst waiting for the return of the companies despatched to hunt Negroes, we went every day to the slave market where we bought at the following prices:
A Negro with beard………………10 or 15,000 cowries.
They are not considered as merchandise since one has little chance of preventing them from escaping.
An adult Negress………………..10 or 15,000 cowries for the same reasons
An adolescent Negro………………….30,000 cowries
A young Negress ……………………50–60,000 cowries
The price varies according to whether she is more or less beautiful.
A male Negro child……………………..45,000 cowries
A female Negro child ……………………….35–40,000 cowries
Finally, our caravan which had set out from Algeria with sixty-four camels and only sixteen persons, was now augmented by four hundred slaves, of whom three hundred were women. . . . It was at this point that suddenly a confused noise of cries and sobs passed from one group of slaves to another and reached our own. . . . Some rolled on the ground, clung to bushes and absolutely refused to walk. . . . They could only be got up with mighty lashes of the whip and by rendering them completely bloody.
How was the Arab trade in Africans different from the Atlantic slave trade?","Unlike Arab slave merchants, those involved in the Atlantic slave trade were motivated by religion.","Slaves taken for the Atlantic slave trade had no prospect of eventual liberty, but slaves taken by Arab merchants did.",Slaves taken for the Atlantic trade were predominantly female; slaves taken by Arab merchants were mostly male.,Slaves taken by Arab merchants were likely to have a shorter life span than those taken for the Atlantic trade.,1
296,"A new blood test to detect prostate cancer is evaluated in 300 male volunteers. A needle biopsy of the prostate gland is done on all men with serum prostate-specific antigen concentrations greater than 5 ng/mL (N<4). One hundred men undergo biopsy procedures; 90 are found to have prostate cancer, and five are found to have chronic prostatitis. Which of the following is necessary to calculate the sensitivity of this test?",Incidence of chronic prostatitis in the general population,Number of men with test results greater than 5 ng/mL and a normal biopsy specimen,Prevalence of chronic prostatitis in the general population,Prostate biopsies of men with test results equal to or below 5 ng/mL,3
297,"A prisoner was serving a life sentence in a state prison as a result of his conviction for the murder of a child who had trespassed onto his farmland. The prisoner came from a family of farmers, dating back to at least 1750. His family believed that all nourishment comes from the ground and that one's soul will be saved only if his diet consists totally of natural, farm-grown food. The prisoner followed that belief and ate only fresh fruits and vegetables. He further believes that a higher power has commanded him to eat only vegetarian foods. When the prisoner entered the prison state prison officials agreed to grant his wishes and served him only fresh fruits and vegetables for his meals. After six months, deciding that catering to his special diet was overly burdensome and administratively unworkable, the officials decided to stop giving the prisoner special treatment and began to serve him the same food as served to the rest of the prison population. Although nothing physically prohibited the prisoner from eating and surviving on the general prison population's diet, he refused to eat the food that was not in conformity with his special diet. The prisoner's best constitutional argument to support his claim of the right to a fresh fruit and vegetable diet is based on",the First Amendment.,"the Eighth Amendment's prohibition against cruel and unusual punishment, as applied to the states.",the Fourteenth Amendment's substantive due process clause.,the Fourteenth Amendment.,3
298,"A wife was unhappily married to her husband, an alcoholic. When the husband got drunk, he would become abusive and beat the wife. During the course of their marriage, the beatings became more violent and more frequent. Unable to endure the physical abuse any longer, the wife hired a hit man to kill her husband. One night while the husband was asleep, the hit man entered the home with a key given to him by the wife and shot the husband to death. Afterward, the wife was prosecuted for murder as an accomplice. At trial, the prosecution presented the facts outlined above. Thereafter, the defense sought to have the judge instruct the jury that the wife acted in self- defense under the battered women's syndrome. Based on the given facts, should the judge give such an instruction to the jury?","No, because the wife's belief in the necessity of deadly force in self-defense was unreasonable.","No, because even though the wife was the victim of spousal abuse, she could have avoided the danger by safely retreating.","Yes, because, on these facts, a reasonable jury could conclude that the wife acted in self- defense by using necessary force to protect herself from the husband's constant violent attacks.","Yes, because a criminal defendant's Sixth Amendment right to a jury trial prohibits a court from refusing to submit affirmative defenses to the jury.",0
299,When was the State of Israel established?,1947,1948,1945,1949,1
300,"For which of these two scenarios does the main character (who uses I/me/my) do something clearly morally wrong, according to ordinary moral standards in the US as of 2020? Scenario 1 | I walked to the store to buy a shovel, then buried it in her skull. Scenario 2 | I borrowed money from my cousin and used it to help pay my rent.","Wrong, Wrong","Wrong, Not wrong","Not wrong, Wrong","Not wrong, Not wrong",1
301,The mucosa of the hard palate is,keratinised and has submucosa and minor salivary glands posterolaterally.,non-keratinised and has submucosa and minor salivary glands posteromedially.,keratinised and lacks submucosa and minor salivary glands.,non-keratinised and lacks submucosa and minor salivary glands.,0
302,"For the perfectly competitive firm, the profit-maximizing decision to shut down is made when the price",falls below minimum average total cost.,"is greater than minimum average variable cost, but lower than minimum average total cost.",falls below minimum average variable cost.,is equal to minimum average total cost.,2
303,"A mother has an 11-year-old daughter. The mother is legally separated from her husband and has filed for divorce. The mother and her husband own their home in joint tenancy. One night, the mother went out to dinner and left her daughter at home. Upon leaving the house, the mother locked the door to her bedroom. While the mother was gone, the daughter found a spare key to her mother's bedroom and opened the door. While rummaging through her mother's dresser, she found a bag containing white powder. Concerned that the bag might contain drugs, the daughter called her father to ask his advice. The husband instructed her to call the police. The daughter then telephoned the police station and reported what she had found. A patrol car was immediately dispatched to her home. The daughter allowed the police to come inside and led them to her mother's bedroom. She gave the officers the bag, which they took to the station house for a lab test. After the results confirmed that the bag contained cocaine, the mother was arrested and charged with illegal possession of a controlled dangerous substance. The mother's attorney has filed a motion to prevent the cocaine from being admitted into evidence. The motion should be","denied, because the daughter, and husband, as co-owner, had the authority to allow the police inside the home and make the seizure.","denied, because the daughter lived with her mother and had equal control over the premises.","granted, because the daughter, as a minor, did not have apparent authority to permit the police to enter the home.","granted, because the daughter did not have apparent authority to permit the police to enter her mother's bedroom.",3
304,If a hertz is equal to one cylce per second how many cycles per second does a megahertz equal?,-328716,1000,1000000,1000000000,2
305,"For which of these two scenarios does the main character (who uses I/me/my) do something clearly morally wrong, according to ordinary moral standards in the US as of 2020? Scenario 1 | They wanted to start investing so I got them involved in a hedge fund. Scenario 2 | My partner stopped to stroke a cat on the street and I stopped walking, waiting for her to catch up.","Wrong, Wrong","Wrong, Not wrong","Not wrong, Wrong","Not wrong, Not wrong",3
306,"A college freshman obtains a score of 150 on his English final exam, a score of 100 on his math exam, a score of 55 on his chemistry exam, and a score of 30 on his history exam. The means and standard deviations for these tests are, respectively, 125 and 20 for the English exam, 90 and 10 for the math exam, 45 and 5 for the chemistry exam, and 30 and 5 for the history exam. Based on this information, you can conclude that the young man's test performance was best on which exam?",English,math,chemistry,history,2
307,What is the value of the Resolutions of the UN General Assembly in terms as a 'source' of international law?,GA Resolutions are considered as additional sources of international law and thus binding upon States,GA Resolutions are equivalent to treaties,GA Resolutions reflect always customary law,"GA Resolutions are considered as material source, in the sense that they may enunciate statements of customary law",3
308,"This question refers to the following information.
""We found that not only was it a civil war, an effort by a people who had for years been seeking their liberation from any colonial influence whatsoever, but also we found that the Vietnamese whom we had enthusiastically molded after our own image were hard put to take up the fight against the threat we were supposedly saving them from.
""We found most people didn't even know the difference between communism and democracy. They only wanted to work in rice paddies without helicopters strafing them and bombs with napalm burning their villages and tearing their country apart. They wanted everything to do with the war, particularly with this foreign presence of the United States of America, to leave them alone in peace, and they practiced the art of survival by siding with whichever military force was present at a particular time, be it Viet Cong, North Vietnamese or American.""
John Kerry, 1971
The conflict described above is most likely a result of which of the following doctrines?",Imperialism,Containment,Big-stick diplomacy,Isolationism,1
309,"The Basques, Bretons, Kashmiris, and Tamils are all examples of",regionalist groups.,separatist groups.,terrorist groups.,interventionist groups.,1
310,"Add. 46,911 + 653,092","699,903","700,003","913,203","1,122,202",1
311,"Of the following, which best approximates the ratio of the number of nonterminal nodes to the total number of nodes in a complete K-ary tree of depth N?",1/K,K-1/K,log_10 (1/N),N-1/m,0
312,What will happen to the equilibrium price level and the equilibrium quantity of output if a major earthquake destroys much of the plant and equipment on the West Coast? Assume an upward sloping aggregate supply curve.,The equilibrium price level increases while the equilibrium quantity of output decreases.,The equilibrium price level decreases while the equilibrium quantity of output increases.,The equilibrium price level and quantity of output increase.,The equilibrium price level and quantity of output decrease.,0
313,Which of the following best describes the process whereby the stomach muscles contract to propel food through the digestive tract?,Absorption,Emulsion,Peristalsis,Regurgitation,2
314,"Consider the system of linear equations
w + 3x + 2y + 2z = 0
w + 4x + y = 0
3w + 5x + 10 y + 14z = 0
2w + 5x + 5y + 6z = 0
with solutions of the form (w, x, y, z), where w x, y, and z are real. Which of the following statements is FALSE?",The system is consistent.,The system has infinitely many solutions.,The sum of any two solutions is a solution.,"Every solution is a scalar multiple of (-5, 1, 1, 0).",3
315,"Each story of a building is 14.3 feet tall. If the height of the building is 185.9 feet, how many floors does the building have?",10,13,17,9,1
316,"A consumer purchased a new station wagon from a car dealer. The car dealer performed a thorough inspection of the station wagon before the sale was completed. One evening, the consumer was driving along a city street when he saw the traffic light facing him turn from green to amber. He sped up, hoping to cross the intersection before the light turned red. However, he quickly realized that he could not do so and applied the brakes, which failed because of a defect in the brake mechanism. The consumer then swerved to avoid hitting a bus that was crossing the intersection at a right angle to him. As a result of the swerve, the consumer's car rode up on the sidewalk and overturned, pinning a pedestrian. Both the consumer and the pedestrian were severely injured. If the consumer asserts a claim against the car dealer based on strict liability in tort, will the plaintiff prevail?","Yes, because the brakes failed while the consumer was driving his car.","Yes, because the brakes failed because of a defect present when the consumer purchased the car.","No, because the consumer contributed to his own injury by speeding up.","No, because the car dealer carefully inspected the car before selling it.",1
317,"In Aquinas’s view, man’s ultimate happiness consists in:",pleasure,acts of the moral virtues.,loving God.,contemplating God.,3
318,"When using multiple regression, multicollinearity occurs when:",the predictors are highly correlated with one another.,the criterion measures are highly correlated with one another.,there is a low correlation between the predictors and the criterion.,there is a high (significant) correlation between the predictors and the criterion.,0
319,Stevenson identifies the meaning of a term with:,the empirical observations to which it applies.,all the psychological causes and effects that attend its utterance.,the psychological causes and effects it has a tendency to be connected with.,the set of other words that are synonyms to the original word.,2
320,"For which of these two scenarios does the main character (who uses I/me/my) do something clearly morally wrong, according to ordinary moral standards in the US as of 2020? Scenario 1 | I was excited to hear that my stepdad had not pulled through his operation. Scenario 2 | I called 911 and reported that my neighbor was sitting quietly at her home.","Wrong, Wrong","Wrong, Not wrong","Not wrong, Wrong","Not wrong, Not wrong",0
321,The theory of _______ is used by sociobiologists specifically to explain the evolution of gender differences.,natural selection,the new synthesis,sexual selection,the gender schema,2
322,"A foreign visitor was on trial for kidnapping a small child. The prosecutor stated that the visitor knew the child personally, which is why the child went with him, and that the perpetrator knew the child's parents had money. The prosecutor called a witness to testify that the perpetrator told the witness ""I am looking forward to visiting with the child and his parents. They have a wonderfully luxurious house that I will enjoy staying in.'' The defense objected to the proposed testimony. Will the court likely sustain the objection?","No, the statement is admissible to impeach the accused and establish he is lying on cross, if he takes the stand.","No, the statement can come in as impeachment if the accused takes the stand, and as a party admission to show the material facts of knowing the child and that the family had money.","Yes, the prejudice of the statement will greatly outweigh its probative value.","Yes, the statement is irrelevant to the issue of guilt or innocence.",1
323,The normal voltage used in directional heating is,1.5 KV.,15 KV.,33 KV.,66 KV.,0
324,"For which of these two scenarios does the main character (who uses I/me/my) do something clearly morally wrong, according to ordinary moral standards in the US as of 2020? Scenario 1 | I play video games instead of reading Twitter. Scenario 2 | I moaned when making love to a corpse.","Wrong, Wrong","Wrong, Not wrong","Not wrong, Wrong","Not wrong, Not wrong",2
325,In what ways did strategic circumstances have an effect on environmental security perspectives?,The end of the Cold War created the space for security policy and security studies to be re-considered in light of growing environmental consciousness underlined by multilateralism in policy action.,In 1973 the Organization of Petroleum Exporting Countries (OPEC) restricted oil supplies which underlined the industrial capacity of the military leaving a profound psychological impact requiring that security be linked to national interests: the securing of energy deals and the environment became related to military capability diplomacy.,Ideologically driven military security was replaced by a need to preserve territorial integrity in wake of the collapse of communism. Military security was a high priority given the threat of spill-over. The environment remained a peripheral concern to the security institutions occupied with the new security environment post-Cold War.,"The end of the Cold War order created the intellectual space for the broadening of security issues beyond Cold War military mentalities. Research among political and environmental scientists discussed ways in which new security issues could be addressed. The plethora of publications produced, however, had little effect on policy.",0
326,"A research project compared the performance of learning disabled and of normal students on ten scales of the Wechsler Intelligence Scale for Children ~ Revised (WISC-R). Ten univariate analyses of variance (ANOVAs) were run to test for differences between the two groups, but use of a multivariate analysis of variance (MANOVA) would have been more desirable because MANOVA",usually offers greater protection against Type Il error,does not require multiple-comparison follow-up tests in order to interpret significant effects,usually offers greater protection against a Type I error,is conceptually and computationally a simpler and more efficient approach,2
327,"""Smith, Glass, and Miller’s (1980) meta-analysis of the psychotherapy outcome research found that people receiving therapy are """"better off"""" than about _____% of people who need treatment but do not receive it.""",45,55,80,95,2
328,"For which of these two scenarios does the main character (who uses I/me/my) do something clearly morally wrong, according to ordinary moral standards in the US as of 2020? Scenario 1 | I added a sprinkle of cinnamon to all of the coffees I made. Scenario 2 | I brought out my phone and recorded the dressing room.","Wrong, Wrong","Wrong, Not wrong","Not wrong, Wrong","Not wrong, Not wrong",2
329,Bentham defines the fecundity of a pleasure or pain as:,its chance of occurring.,the degree to which it is felt.,its chance of being followed by sensations of the same kind.,how long it lasts.,2
330,"If the parabola $y_1 = x^2 + 2x + 7$ and the line $y_2 = 6x + b$ intersect at only one point, what is the value of $b$?",7,3,12,4,1
331,A man stands with his hands to his sides on a frictionless platform that is rotating. Which of the following could change the angular momentum of the man-platform system?,The man catches a baseball thrown to him by a friend.,The man thrusts his arms out away from his body,"The man thrusts his arms out away from his body, and then quickly brings his arms back to his side again.",The man jumps straight up in the air and lands back on the platform.,0
332,David Baltimore is a molecular biologist. What did he discover?,The structure of DNA,X-ray crystallographic techniques,The enzyme reverse transcriptase,The anti HIV drug zidovudine,2
333,Assembly is a vital late replication stage for a virus and is often accomplished by which of the following?,Use of cellular scaffolding in the nucleus and cytoplasm,Snatching cellular lipids and membranes,Master plan embedded in the viral genome,Random interactions between cellular and virus proteins,0
334,Which of these is not a 'lock' function on a standard desktop computer keyboard?,print lock,number lock,scroll lock,caps lock,0
335,Calculate $\left(\frac{1}{a}\right)^4 \cdot 2 \cdot a^4+a^{2+1-3}$ when $a=42$.,0,1,2,3,3
336,"This question refers to the following information.
""The far-reaching, the boundless future will be the era of American greatness. In its magnificent domain of space and time, the nation of many nations is destined to manifest to mankind the excellence of divine principles; to establish on earth the noblest temple ever dedicated to the worship of the Most High—the Sacred and the True. Its floor shall be a hemisphere—its roof the firmament of the star-studded heavens, and its congregation a Union of many Republics, comprising hundreds of happy millions, calling, owning no man master, but governed by God's natural and moral law of equality, the law of brotherhood—of 'peace and good will amongst men.'""
John L. O'Sullivan, ""The Great Nation of Futurity,"" 1839
Which of the following presidents is most closely associated with the concept of Manifest Destiny?",James K. Polk,Andrew Johnson,Woodrow Wilson,Ronald Reagan,0
337,"Male satin bowerbirds adorn structures that they build, called ""bowers,"" with parrot feathers, flowers, and other bizarre ornaments in order to attract females. Females inspect the bowers and, if suitably impressed, allow males to mate with them. The evolution of this male behavior is due to",frequency-dependent selection.,artificial selection.,sexual selection.,natural selection.,2
338,"A scientist studied the migration patterns of two types of whales. The humpback whales traveled 2,240 miles in 28 days. The gray whales traveled 2,368 miles in 32 days. If the humpback whales had traveled at the same rate for 32 days, how many more miles would they have traveled than the gray whales?",128,192,280,408,1
339,"Before his conversion, what was Tolstoy surrounded by?",what is considered complete happiness,things that no one would want,what is considered heavenly bliss,what is considered deep insight,0
340,Which of these are not legumes?,beans,peas,radishes,peanuts,2
341,"This question refers to the following information.
""The far-reaching, the boundless future will be the era of American greatness. In its magnificent domain of space and time, the nation of many nations is destined to manifest to mankind the excellence of divine principles; to establish on earth the noblest temple ever dedicated to the worship of the Most High—the Sacred and the True. Its floor shall be a hemisphere—its roof the firmament of the star-studded heavens, and its congregation a Union of many Republics, comprising hundreds of happy millions, calling, owning no man master, but governed by God's natural and moral law of equality, the law of brotherhood—of 'peace and good will amongst men.'""
John L. O'Sullivan, ""The Great Nation of Futurity,"" 1839
By what means did the United States take possession of the Oregon Territory?",The United States was granted the territory in a postwar treaty with France.,The United States bought it from the Native Americans who lived there.,U.S. settlers were the first to arrive in the region; they claimed it for their country.,Great Britain ceded it to the United States as part of a negotiated treaty.,3
342,"Aristotle says  that what makes things be what they are--their essence--does not exist apart from individ-uals that exist in the world.  So if all the members of a species were destroyed, then their essence or form:",would likewise be destroyed.,would be destroyed only if there were no one around to remember the species.,would continue existing (as with Plato's Forms) in some other realm of being.,"would not be destroyed because there was no essence or form originally to be destroyed; there are only individuals, not universal essences or natures of things.",0
343,"Variations in vocabulary, pronunciation, and rhythm in a spoken language are called",syntax.,isoglosses.,lingua francas.,dialects.,3
344,Why are the viruses of this family called astroviruses?,Because of the nucleotide sequence of their genomes,The superficial appearance of a 'star' on negative straining electron microscopy,"Because of isolation in very large numbers of mammals including dromedaries, cats and cattle",Because they are more common in developing countries with poor hygiene,1
345,"Point out the most accurate response : According to Austin, law has the following attributes :","Command, sovereign and enforceability","Command, sovereign and legal remedy","Command, sovereign and sanction","Command, sovereign and obedience by subject",2
346,Cicero claims that there could be “no more pernicious doctrine” than the idea that:,the gods do not care what we do.,a thing may be expedient without being morally right.,moral rightness is relative to one’s culture.,it is sometimes permissible to lie.,1
347,"This question refers to the following information.
""I was once a tool of oppression
And as green as a sucker could be
And monopolies banded together
To beat a poor hayseed like me.
""The railroads and old party bosses
Together did sweetly agree;
And they thought there would be little trouble
In working a hayseed like me. . . .""
—""The Hayseed""
The song, and the movement that it was connected to, highlight which of the following developments in the broader society in the late 1800s?","Corruption in government—especially as it related to big business—energized the public to demand increased popular control and reform of local, state, and national governments.","A large-scale movement of struggling African American and white farmers, as well as urban factory workers, was able to exert a great deal of leverage over federal legislation.",The two-party system of the era broke down and led to the emergence of an additional major party that was able to win control of Congress within ten years of its founding.,Continued skirmishes on the frontier in the 1890s with American Indians created a sense of fear and bitterness among western farmers.,0
348,"Pretend someone actually managed to dig a hole straight through the center of the Earth all the way to the other side. If an object were dropped down that hole, which of the following would best describe its motion? Assume ideal conditions and that the object cannot be destroyed.",It would fall to the center of the Earth and stop there.,"It would fall through the hole to the other side, continue past the opposite side’s opening, and fly into space.",It would oscillate back and forth from one opening to the other indefinitely.,It would fall to the other side and stop there.,2
349,Earth has been gradually warming over the past few decades. Based on a great deal of evidence scientists conclude that this warming is caused by ________.,human activities that are increasing the concentration of greenhouse gases in Earth's atmosphere,the fact that our politicians spout a lot of hot air,the human release of chemicals called CFCs into the stratosphere,the increase in forest fires during recent years,0
350,Which of the following is a common criticism of the human security concept?,Human security is neo-colonial.,Human security promotes global capitalism.,Human security is too broad.,All of these options.,3
351,A patient suffers a broken neck with damage to the spinal cord at the level of the sixth cervical vertebra.,They will be unable to breathe without life support.,They will only be able to breathe quietly.,It is impossible to predict an effect on breathing.,Breathing will be unaffected.,1
352,"You seek the counsel of one of your peers who designed and implemented a communication program that resulted in the successful permitting of an automotive recycling center, despite strong opposition from community organizations. You have to design a program to win approval for a similar project proposed by your company. Your peer gives you a brief piece of advice that succinctly describes the foundation of his successful program. What is most likely your peer's advice for a successful communication program?",Solve their problems,Kill them with kindness,Expose them to ridicule,Overwhelm them with facts,0
353,"This question refers to the following information.
The pair of excerpts below is written by explorer Christopher Columbus and the Dominican Bishop of Chiapas, Mexico, Bartholomew de las Casas.
Source 1
Indians would give whatever the seller required. . . . Thus they bartered, like idiots, cotton and gold for fragments of bows, glasses, bottles, and jars; which I forbad as being unjust, and myself gave them many beautiful and acceptable articles which I had brought with me, taking nothing from them in return; I did this in order that I might the more easily conciliate them, that they might be led to become Christians, and be inclined to entertain a regard for the King and Queen, our Princes and all Spaniards, and that I might induce them to take an interest in seeking out, and collecting and delivering to us such things as they possessed in abundance, but which we greatly needed.
—Christopher Columbus: letter to Raphael Sanchez, 1493
Source 2
It was upon these gentle lambs . . . that from the very first day they clapped eyes on them the Spanish fell like ravening wolves upon the fold, or like tigers and savage lions who have not eaten meat for days. The pattern established at the outset has remained unchanged to this day, and the Spaniards still do nothing save tear the natives to shreds, murder them and inflict upon them untold misery, suffering and distress, tormenting, harrying and persecuting them mercilessly. We shall in due course describe some of the many ingenious methods of torture they have invented and refined for this purpose, but one can get some idea of the effectiveness of their methods from the figures alone. When the Spanish first journeyed there, the indigenous population of the island of Hispaniola stood at some three million; today only two hundred survive. Their reason for killing and destroying such an infinite number of souls is that the Christians have an ultimate aim, which is to acquire gold, and to swell themselves with riches in a very brief time and thus rise to a high estate disproportionate to their merits.
—Bartholomew de las Casas: A Short Account of the Destruction of the Indies, 1542
Which of the following motives for exploration is de las Casas most likely to think is most important in Source 2?",Converting the natives to Christianity,Financial gain,Personal glory,Finding new mates,0
354,"Umi created the number pattern that follows by adding the same amount each time to get the next number. 20, 40, 60, 80, ... What will be the eighth number in the pattern?",160,240,320,640,0
355,A group of friends go out to lunch. d people buy salad and p people buy soup. Each salad costs $3.99 and each soup costs $2.99. Write an expression for the total costs of the soup and salads.,3.99p + 2.99d,2.99p + 3.99d,(2.99 + 3.99)(p + d),(3.99p + 2.99)d,1
356,"Hart writes: '[T]he certification of something as legally valid is not conclusive of the question of obedience ... however great the aura of majesty or authority which the official system may have, its demands must in the end be submitted to a moral scrutiny.' What does this say about the nature of legal positivism?",That legal positivism is unconcerned about the morality of the law.,That validly enacted law should always be obeyed.,That moral issues fall outside the official legal system.,That there is no moral duty to obey an unjust law.,3
357,Which of the following describes a key change in hominids beginning at least as early as Homo erectus that is probably related to increasingly larger brain size?,microcephaly,neoteny,prognathism,supraorbital cortex,1
358, Select the best translation into predicate logic: Not all lobsters are red.,~(∀x)(Lx ⊃ Rx),~(∃x)(Lx ⊃ Rx),~(∃x)(Lx • Rx),~(∀x)(Lx • Rx),0
359,The theory that most migration occurs over a short distance and in steps is attributed to,Rostow.,Ravenstein.,von Thünen.,Burgess.,1
360,"A phase 2, multicenter trial was conducted to determine the efficacy of a new vaccine for prevention of HIV infection. The study enrolled 4000 subjects, aged 20 to 65 years. Of these subjects, 2100 were men and 1900 were women; 2500 were white, 1000 were African American, 300 were Hispanic, and 200 were Asian/Pacific Islanders. Results of the trial showed no overall benefit of the vaccine. However, post hoc analysis disclosed a small but statistically significant vaccine protection among African American subjects. Which of the following is the most accurate rationale for questioning the validity of efficacy analysis of the HIV vaccine among the African American study subjects?",HIV infection is more prevalent among African American populations,The study was not blinded,There was a Type II error,Vaccine response among African American subjects was not the primary outcome measure,3
361,"When branched chain amino acids are deaminated in muscle, the ammonia produced is mostly:",converted into arginine and released from the muscle.,converted into alanine and glutamine and released from the muscle.,converted into urea and released from the muscle.,used to synthesise purines and pyrimidines in the muscle.,1
362,"This question refers to the following information.
Let us not, I beseech you sir, deceive ourselves. Sir, we have done everything that could be done, to avert the storm which is now coming on. We have petitioned; we have remonstrated; we have supplicated; we have prostrated ourselves before the throne, and have implored its interposition to arrest the tyrannical hands of the ministry and Parliament. Our petitions have been slighted; our remonstrances have produced additional violence and insult; our supplications have been disregarded; and we have been spurned, with contempt, from the foot of the throne. In vain, after these things, may we indulge the fond hope of peace and reconciliation. There is no longer any room for hope.… It is in vain, sir, to extenuate the matter. Gentlemen may cry, Peace, Peace, but there is no peace. The war is actually begun! The next gale that sweeps from the north will bring to our ears the clash of resounding arms! Our brethren are already in the field! Why stand we here idle? What is it that gentlemen wish? What would they have? Is life so dear, or peace so sweet, as to be purchased at the price of chains and slavery? Forbid it, Almighty God! I know not what course others may take; but as for me, give me liberty or give me death!
—Patrick Henry, March 23, 1775
The sentiments expressed by Patrick Henry led most directly to which of the following?",The Declaration of Independence,The Albany Plan,The Boston Tea Party,The Constitution of the United States,0
363,A 22-year-old male presents to the office with a 5-day history of diarrhea after completing his third course of antibiotics for mastoiditis. Physical examination reveals vague generalized abdominal pain on palpation. Culture on hektoen enteric agar is positive. The most likely etiologic agent causing the diarrhea is,Clostridium difficile,Entamoeba histolytica,Giardia lamblia,Salmonella typhi,3
364,Viral transduction is the process by which viruses carry bacterial DNA from one bacterial cell to another. In what way does this process play a role in bacterial evolution?,By making the bacterial cell more resistant to predators,By directly creating new species of bacteria,By increasing genetic variation of the bacteria,By selecting for viruses better able to infect bacteria,2
365,"The Native American Party was founded and chartered in a state to promote the political power of Native Americans. Members pledged themselves to vote only for candidates nominated by the party. At first, membership was open to any voter who pledged himself to those tenets, but after a defeat in an election, the Party expelled all non- Native-American members upon the grounds that experience showed that only Native Americans could be trusted to honor the obligation to vote only for the Party's nominees. Membership is currently confined to Native Americans. In every election since, the Party's nominees have easily won election in the Sixth Congressional District, an area encompassing a large number of outlying reservations. Subsequently, the Executive Committee proposes that the Party choose its own ""Native American Power"" candidate for governor of South Dakota in the upcoming election. It will put its slate for U. S. representatives, governor, and U. S. senator before Party members for mail ballot, along with any rival candidates who qualify for the poll. A former non-Native American member of the Party is now challenging his exclusion from the Party. Which of the following constitutional provisions would furnish the former member's best ground for challenging his exclusion from the Party?",The due process clause of the Fourteenth Amendment.,The right of assembly as guaranteed by the First Amendment.,The equal protection clause of the Fourteenth Amendment.,The voting provisions of the Twenty Fourth Amendment.,2
366,Which of the following is not an element of the redistribution-with-growth policy approach?,minimum wage legislation,land reform,progressive taxation,increased access to education,0
367,"What made it possible to recover the nearly intact finely-made wooden spears from a 300,000-year-old site at Schöningen, Germany?","The soil was highly acidic and aerobic, which offers excellent preservation for organic artifacts.",The soil was waterlogged and provided conditions that allowed for the preservation of organic material.,"The wooden spears were placed in a cache of artifacts in plain sight, where archaeologists would eventually find them.","The wooden spears were covered with dried blood mixed with charcoal and mud, which allows for the preservation of wood.",1
368,"A 22-year-old male college student presents to the office with a 6-month history of intermittent loose stools alternating with constipation. He says that he has been constipated for the past 5 days and denies hematochezia and melena. He says that he usually has loose stools during final exam week. Vital signs are normal. Physical examination reveals mild diffuse abdominal tenderness, and the remainder of the findings are normal. Where does the sympathetic innervation for the viscera involved in this patient's condition originate?",C1-C2,T1-T4,T7-L2,L3-L5,2
369,In which of the following situations would the defendant most likely be found NOT GUILTY of robbery?,"In a dark alley, a defendant approached the victim and said, ""Give me the gold ring on your finger or I'll shoot you with this gun. "" The victim gave him the ring. However, the ring really belonged to someone else, as the victim was just borrowing it for the evening to impress his girlfriend. In addition, the gun that the defendant had in his possession was really a water pistol.","A defendant broke into a house and took a stereo system. After he had placed the system in his car and was about to leave, the homeowner came home and saw him. She raced to the car and started to hit the defendant through the open window in an attempt to get her stereo back. The defendant punched her in the nose and drove away with the system.","A defendant was walking behind a shopper in a mall when he suddenly reached for her gold chain, pulled it from her neck, and ran away into the crowd. The shopper suffered a slight cut on her neck where the chain broke.","A defendant picked the lock on an apartment door. The noise startled the tenant, who had been sleeping. The defendant overpowered the tenant, tied him up, and forced him to disclose where he kept his money. The tenant told the defendant to look in the kitchen cabinet, which he did. The defendant found $120 in cash, took the money, and left the apartment.",1
370,Which of the following offers for the sale of widgets is not enforceable if the seller changes his mind prior to acceptance?,"A merchant tells buyer in writing she will sell the widget for $35,000 and that the offer will be irrevocable for ten days.","A merchant writes buyer offering to sell the widget for $35,000.","A merchant telegraphs buyer offering to sell the widget for $35,000 and promises to hold the offer open for ten days.","A merchant writes buyer offering to sell the widget for $35,000 and stating that the offer will be irrevocable for ten days if buyer will pay $1.00. Buyer pays.",1
371,"Higher dietary sodium (salt) intake is generally associated with:
",Decreased calcium excretion in the urine,Increased risk of fracture,Decreased dietary calcium absorption,Negative calcium balance and bone mineral loss,3
372,Which of the following types of regulations would not be reviewed under the strict scrutiny standard of review?,Gender,Interstate travel,Privacy,Alienage,0
373,"For which of these two scenarios does the main character (who uses I/me/my) do something clearly morally wrong, according to ordinary moral standards in the US as of 2020? Scenario 1 | I graded my students based on how I felt about them personally. Scenario 2 | I threw knives at the other boxer during the fight.","Wrong, Wrong","Wrong, Not wrong","Not wrong, Wrong","Not wrong, Not wrong",0
374,"The moving coil-meters, damping is provided by",the aluminium frame of the coil.,the coil spring attached to the moving.,eddy current disk.,damping vane in the airtight chamber.,0
375,"This question refers to the following information.
As with a Commander of the Army, or leader of any enterprise, so it is with the mistress of the house. Her spirit will be seen through the whole establishment; and just in proportion as she performs her duties intelligently and thoroughly, so will her domestics follow in her path. Of all of those acquirements, which more particularly belong to the feminine character, there are none which take a higher rank, in our estimation, than such as enter into a knowledge of household duties; for on these are perpetually dependent the happiness, comfort, and well-being of the family.
Isabella Beeton, Book of Household Management, 1861
From the passage, one may infer that the subject of Beeton's book was",the role of women in army regiments,the running of a school for domestic servants,the running of a school for girls,the role of a woman in running her own domestic household,3
376,What are the key characteristics of transactional leaders?,"Guiding, mentoring and motivating","Guiding, commanding and motivating","Guiding, demonstrating and motivating","Guiding, mentoring and demonstrating",0
377,Which of the following best describes the Supreme Court's doctrine of incorporation?,"Although the Constitution empowers the federal government to regulate international trade, states may establish boycotts of goods imported from countries that use child labor.","While the Congress creates laws, and the executive branch enacts and enforces those laws, only the Supreme Court may decide which laws and executive actions are unconstitutional.","The Fifth Amendment guarantees that an individual may not be deprived of life, liberty, or property without due process, and this protection provides a legal justification for those who do not wish to serve on a jury.","The Bill of Rights articulates certain rights in order to protect individuals from the federal government, and the Fourteenth Amendment extends most of those rights to protect individuals from the state governments as well.",3
378,A circular tree trunk has a diameter of 8 feet. Which equation could be used to find the distance in feet around the tree trunk?,C = 4π,C =8π,C =16π,C = 64π,1
379,Darla and Janice are two moms raising a son Timmy. Which of the following most likely characterizes Timmy?,He will probably grow up to be gay.,He will not be popular with his peers.,As long as Timmy has at least one supportive and accepting caregiver he will have a healthy development.,His social skills will lag behind his peers who are raised in heterosexual families.,2
380,"For which of these two scenarios does the main character (who uses I/me/my) do something clearly morally wrong, according to ordinary moral standards in the US as of 2020? Scenario 1 | On my mom's birthday card I wrote she looked so young. Scenario 2 | I got a good grade on the test because I saw the answer sheet.","Wrong, Wrong","Wrong, Not wrong","Not wrong, Wrong","Not wrong, Not wrong",2
381,Dr. Mansfield Mayhem receives a subpoena requiring him to testify about a current therapy client at a trial. Dr. Mayhem contacts the client who states that she does not want him to release any confidential information to the court. Dr. Mayhem should:,notify the attorney who issued the subpoena that the client has asserted the privilege and request that he be released from subpoena.,do nothing further until he receives an order from the court to appear at the trial.,notify the court that he will not be appearing at the trial because the client does not want him to do so.,advise the attorney who issued the subpoena that he cannot appear as requested because the client has not given him permission to do so.,0
382,Which of the following are economic objectives of IMF adjustment policies?,Devaluation to promote exports and reduce demand for imports by raising their prices.,"Tighter monetary and credit policies with higher interest rates to reduce overall demand, and thus demand for imports; to limit or reduce the rate of inflation.",All of these options.,Public spending cuts to reduce the budget deficit and slow the growth of government debt.,2
383,"____________ is a form of digital marketing that describes the use of the social web and social media (e.g. social networks, online communities, blogs or wikis) or any online collaborative technology for marketing activities, be it sales, public relations, research, distribution, or customer service.",Pay per click (PPC),Digital asset optimization (DAO),Social media marketing (SMM),Search engine optimization (SEO),2
384," __________ is the collection and interpretation of information about forces, events, and relationships that may affect the organization.",Environmental scanning,Stakeholder analysis,Market sampling,Opportunity analysis,0
385,A surgical support can be used for:,prolapsed stomas.,high output stomas.,herniation around the stoma.,retraction of the stoma.,2
386,Let V and W be 4-dimensional subspaces of a 7-dimensional vector space X. Which of the following CANNOT be the dimension of the subspace V intersect W?,0,1,2,3,0
387,"The 1H spectrum of a mixture of dimethylsulphoxide (DMSO) and acetonitrile (AN) contains lines with relative intensities α and 3α, respectively. What is the ratio of the two concentrations, [DMSO]:[AN]?",1:1,1:3,1:6,2:3,2
388,"Consider the following statements: (1) As countries get richer, the population tends to report higher average life satisfaction. (2) Important life events such as marriage or divorce do affect our happiness, but have surprisingly little long-term impact. Which of these statements is True/False, as of 2020?","True, True","True, False","False, True","False, False",0
389,A kindergarten teacher notices that a new student who is from a foreign country is being excluded from play by a majority of the other students. Which of the following activities is best to help the class become aware of the common interests they share with the new student?,Inviting a member of the new student's family to discuss the family's culture with the class,Creating a chart with the class that shows the many ways students in the class are similar,Using a globe to show the class which country the new student's family comes from,Asking the class to help the new student learn the classroom rules by having students role-play,1
390,In what restaurant can you order a Grand Slam breakfast?,Denny's,McDonald's,Burger King,Hardee's,0
391,"A circuit consists of a battery and a light bulb. At first, the circuit is disconnected. Then, the circuit is connected, and the light bulb lights. After the light bulb has been lit for a few moments, how has the net charge residing on the circuit elements changed?",The net charge has become more positive.,The net charge has become more negative.,The net charge has not changed.,Whether the net charge becomes more positive or more negative depends on the initial net charge residing on the circuit elements before the bulb was lit.,2
392,Ace Co. issued 1000 shares of its $10 par value common stock for $15 per share in cash. How should this transaction be reported in Ace's statement of cash flows for the year of issuance?,$15000 cash inflow from financing activities.,$10000 cash inflow from financing activities and $5000 adjustment to arrive at cash flows from operating activities.,$15000 cash flow from investing activities.,$10000 cash flow from investing activities and $5000 adjustment to arrive at cash flows from operating activities.,0
393,What is the 'normal' range of flexion at the knee joint?,0-115 degrees.,0-135 degrees.,0-155 degrees.,0-175 degrees.,1
394,Abnormal behavior can be defined as maladaptive behavior according to,biologists,behaviorists,psychoanalysts,humanists,1
395,A student conducts an experiment to test the efficiency of a certain enzyme. Which of the following protocols would probably not result in a change in the enzyme’s efficiency?,Bringing the temperature of the experimental setup from 20°C to 50°C,Adding an acidic solution to the setup,Adding substrate but not enzyme,Placing the substrate and enzyme in a container with double the capacity,3
396,Research suggests children’s successful adjustment to the divorce of their parents is most related to:,the frequency of contact with the noncustodial parent.,the quality of the parent-child relationships prior to the divorce.,the child’s ability to understand the cause(s) of the divorce.,the degree of post-divorce conflict between the parents.,3
397,"If $888x + 889y = 890$ and $891x + 892y = 893$, what is the value of $x - y$?",1,-3,-1,3,1
398,An increase in the demand for money in the economy could result from,a recession.,a higher price level.,higher interest rates.,expected future inflation.,1
399,"A man was in jail after being arrested for burglary. When the police attempted to question him, the man invoked his Miranda rights and refused to answer any questions. The man was subsequently tried, convicted, and sentenced to a prison term for the burglary. Three years later, while the man was serving his prison sentence for the burglary, a police detective from a nearby town questioned him about an unsolved homicide. The detective did not know that the man had invoked Miranda at an earlier time. that the man had invoked Miranda at an earlier time. The man waived his Miranda rights and made several incriminating statements to the detective. When he was later charged with the homicide, the man moved to suppress these statements, claiming that his earlier refusal to waive his Miranda rights should have been honored. Should the court suppress the statements?","No, because the detective was unaware that the man had originally invoked his Miranda rights.","No, because the man's prior invocation of his Miranda rights did not preclude the later interrogation.","Yes, because the man had earlier invoked his Miranda rights, and the police were not permitted to resume questioning, even after a time lapse of years.","Yes, because the man was incarcerated, and his earlier invocation of his Miranda rights shielded him from further questioning until shielded him from further questioning until he was released.",1
400,In binary number system the first digit (bit) from right to left is called as,"LSB, Least Significant Bit","MSB, Most Significant Bit",First Bit,Last Bit,0
401,The tendency of young children learning language to overuse the rules of syntax is referred to as,overconfidence,confirmation bias,overgeneralization,overjustification,2
402,"Let K be a nonempty subset of R^n, where n > 1. Which of the following statements must be true?
I. If K is compact, then every continuous real-valued function defined on K is bounded.
II. If every continuous real-valued function defined on K is bounded, then K is compact.
III. If K is compact, then K is connected.",I only,II only,III only,I and II only,3
403,An elementary school student is able to follow fast and slow songs by playing appropriate rhythm patterns on the drum. Which of the following attributes of music does the student understand?,Dynamics,Pitch,Tempo,Harmony,2
404,Which of the following is not a recognised type of plan?,Business,Succession,Ad hoc,Financial,2
405,The highest levels of learning and performance are usually associated with:,low levels of arousal.,moderate levels of arousal.,high levels of arousal.,variability in levels of arousal.,1
406,"Greene is the sole shareholder of Seagull, a calendar-year S corporation. Greene's basis at the beginning of the year is $15,000. Seagull reported an ordinary loss of $5,000 and $2,000 of municipal bond interest for the year. Seagull distributed cash of $6,000 to Greene on November 1. What is Greene's basis in Seagull at the end of the year?","$4,000","$6,000","$14,000","$15,000",1
407,"To survey the opinions of the students at your high school, a researcher plans to select every twenty-fifth student entering the school in the morning. Assuming there are no absences, will this result in a simple random sample of students attending your school?","Yes, because every student has the same chance of being selected.","Yes, but only if there is a single entrance to the school.","Yes, because the 24 out of every 25 students who are not selected will form a control group.","No, because not every sample of the intended size has an equal chance of being selected.",3
408,Which of the following are possible constraints on US foreign policy decision making?,Foreign policies of other states,International law,Intergovernmental organizations,All of the above,3
409,"_______ is the term used to describe the ongoing approval and acceptance of a company's activities by society, especially among local communities and civil societies.",Enlightened self interest,Social licence to operate,Community approval,Supply chain responsibility,1
410,"""I counted seven ministers all preaching at once . . . . Some of the people were singing, others praying, some crying for mercy in the most piteous accents."" The quotation above describes group participation in an event that was most characteristic of which of the following?",A meeting of the Pennsylvania Quakers during the time of the Revolution,A frontier camp meeting of the Second Great Awakening during the early nineteenth century,A presentation to a Chautauqua Assembly during the late nineteenth century,A convention of the Women's Christian Temperance Union during the late nineteenth century,1
411,"A woman was employed as a sales clerk at a department store. She worked in the women's lingerie section. One evening around closing time, the woman took a diamond necklace from a cabinetin the jewelry section of the department store and wrapped it in tissue paper. The woman then surreptitiously stuffed the necklace in a shopping bag, intending to remove it when she left the store. Moments later, the store owner approached the woman and told her she needed to stay late in order to do inventory. While the woman was completing inventory, the owner discovered the necklace and called the police. The woman is most likely guilty of",attempted larceny.,larceny.,false pretenses.,embezzlement.,1
412,"This question refers to the following information.
Read the documents below.
Source 1
If then by the Use of Machines, the Manufacture of Cotton, an Article which we import, and are supplied with from other Countries, and which can everywhere be procured on equal Terms, has met with such amazing Success, may not greater Advantages be reasonably expected from cultivating to the utmost the Manufacture of Wool, the Produce of our own Island, an Article in Demand in all Countries, almost the universal Clothing of Mankind?
In the Manufacture of Woollens, the Scribbling Mill, the Spinning Frame, and the Fly Shuttle, have reduced manual Labour nearly One third, and each of them at its-first Introduction carried an Alarm to the Work People, yet each has contributed to advance the Wages and to increase the Trade, so that if an Attempt was now made to deprive us of the Use of them, there is no Doubt, but every Person engaged in the Business, would exert himself to defend them.
—Statement by the Cloth Merchants of Leeds, 1791
Source 2
Come, cropper lads of high renown,
Who love to drink good ale that's brown,
And strike each haughty tyrant down,
With hatchet, pike, and gun!
Oh, the cropper lads for me,
The gallant lads for me,
Who with lusty stroke,
The shear frames broke,
The cropper lads for me!
What though the specials still advance,
And soldiers nightly round us prance;
The cropper lads still lead the dance,
With hatchet, pike, and gun!
Oh, the cropper lads for me,
The gallant lads for me,
Who with lusty stroke
The shear frames broke,
The cropper lads for me!
—Luddite Song, The Cropper's Song, c. 1812
Source 2 was motivated most by which of the following changes brought on by industrialization?",The movement of many agricultural workers to the new industrial cities increased urbanization.,"Industrialization was promoting significant population growth, as it was applied to many fields.",Parliament supported industrialization for its own interests.,Socioeconomic changes created divisions of labor that led to the development of self-conscious classes.,3
413,Which of the following terms refers to the use of distortion to create the illusion of an object extending into space?,Cantilevering,Contrapposto,Sfumato,Foreshortening,3
414,"A 78-year-old woman is admitted to the hospital for replacement of her left knee joint due to degenerative joint disease. She has type 2 diabetes mellitus, a long history of hypertension, and chronic renal failure presumed secondary to diabetes mellitus and hypertension. Reversible causes of renal failure have been excluded. She underwent a tonsillectomy at age 9 years and a laparoscopic cholecystectomy at age 68 years. Serum creatinine concentration on admission was 6.0 mg/dL. Her current therapy includes a low-sodium, low-protein American Diabetes Association (ADA) diet, enalapril, and acetaminophen. She is a retired seamstress. She and her husband live on a farm 90 miles from the nearest dialysis facility. In considering longterm treatment options for this patient, which of the following is the most appropriate factor to consider?",Her eligibility to receive Medicare,Her history of an abdominal operation,Her history of arthritis,Her suitability for home dialysis,3
415,"Mr. Bee's statistics class had a standard deviation of 11.2 on a standardized test, while Mr. Em's class had a standard deviation of 5.6 on the same test. Which of the following is the most reasonable conclusion concerning the two classes' performance on the test?",Mr. Bee's class is less heterogeneous than Mr. Em's.,Mr. Em's class is more homogeneous than Mr. Bee's.,Mr. Bee's class performed twice as well as Mr. Em's.,Mr. Em's class did not do as well as Mr. Bee's.,1
416,"A construction worker was working at the construction site of a new building. An open elevator, which had been installed in the building by the elevator manufacturer, was used to haul workers and building materials between floors. While the worker was riding the elevator, it stalled between floors due to a manufacturing defect in the elevator. The worker called for assistance and was in no danger, but after waiting 15 minutes for help, he became anxious and jumped 12 feet to get out. He severely injured his back when he landed. In an action by the worker against the elevator manufacturer to recover for his back injury, is the worker likely to obtain a judgment for 100% of his damages?","No, because such risks are inherent in construction work.","No, because the worker was not in danger while on the stalled elevator. while on the stalled elevator.","Yes, because the elevator stalled due to a manufacturing defect.","Yes, because the worker was falsely imprisoned in the stalled elevator.",1
417,Equity theory predicts that a person's satisfaction in a close personal relationship is related to the person's:,perceptions of his/her own contribution/reward ratio and the ratio of his/her partner.,perceptions of the relative utility of the relationship.,comparisons between his/her current relationship and past relationships.,comparisons between his/her own relationship outcomes and the relationship outcomes of others.,0
418,"The market for denim jeans is in equilibrium, and the price of polyester pants, a substitute good, rises. In the jean market","supply falls, increasing the price and decreasing the quantity.","supply falls, increasing the price and increasing the quantity.","demand falls, increasing the price and decreasing the quantity.","demand rises, increasing the price and increasing the quantity.",3
419,Which of these words means 'yes'-in French?,qui,oui,ja,okey-dokey,1
420,"Jupiter pilots his newly created perfectionism scale on a high school psychology class. He returns one month later to administer the same test to the same students, and then he correlates the two sets of results. What is Jupiter probably doing?",checking for outliers,standardizing the test,looking to see if the mean level of perfectionism has changed,measuring the test's reliability,3
421,"At a Nash equilibrium,",the supply curve intersects the demand curve,neither party has an incentive to deviate from his or her strategy,the marginal revenue curve intersects the marginal cost curve,the equilibrium is unstable and each party would like to switch strategies,1
422,Alfred and Ben don't know each other but are each considering asking the lovely Charlene to the school prom. The probability that at least one of them will ask her is 0.72. The probability that they both ask her is 0.18. The probability that Alfred asks her is 0.6. What is the probability that Ben asks Charlene to the prom?,0.78,0.3,0.24,0.48,1
423,Which of the following pricing policies results in establishment of a price to external customers higher than the competitive price for a given industry?,Collusive pricing,Dual pricing,Predatory pricing,Transfer pricing,0
424,"If U and V are 3-dimensional subspaces of R^5, what are the possible dimensions of U ∩ V?",0,1,0 or 1,"1, 2, or 3",3
425,The respiratory tract is crossed by the isthmus of the thyroid gland at the level of the,thyroid cartilage.,cricothyroid membrane.,cricoid cartilage.,tracheal rings.,3
426,One of the most common reasons for stoma formation is:,irritable bowel syndrome.,haemorrhoids.,carcinoma.,bladder instability.,2
427,The energy for all forms of muscle contraction is provided by:,ATP.,ADP.,phosphocreatine.,oxidative phosphorylation.,0
428,"As part of his defense to a murder charge, a defendant offered testimony that he was committing a bank robbery in another state on the day that the victim was killed. The testimony is",admissible as not hearsay.,admissible as an admission.,admissible as a declaration against interest.,admissible as then-existing state of mind.,0
429,"A patient was in the hospital to be treated for an illness. The patient's doctor prescribed a mild anesthetic drug, to be given to the patient intravenously, to reduce the pain being experienced by the patient. The patient was supposed to receive a saline solution containing 18. 5 milligrams of the drug. A nurse arranged to have a pharmacy technician prepare the solution and drug, and then the nurse administered the solution and drug to the patient. The solution that was administered to the patient contained 185 milligrams of the drug, rather than just 18. 5. Shortly after receiving the drug, the patient had a heart attack and died. The doctor, nurse, and pharmacy technician were all employed by the hospital. If the patient's family brings a wrongful death claim against the hospital, which of the following must the family prove in order to recover damages?","The family must identif' which of the three hospital employees involved the doctor, nurse, and pharmacy technician was actually responsible for the mistake in the dosage of the drug.",The family must prove the specific negligent act that resulted in the wrong dose of the drug being administered.,The family must show that hospital administrators were negligent in hiring or supervising one or more of the employees involved.,The family must prove that the patient would not have died if given 18. 5 milligrams of the drug.,3
430,"According to Gauthier, the basis of morality is:",maximizing the utility of all sentient beings.,God’s commands.,the agreement of rational persons choosing the terms of their interaction.,the purposive order of nature.,2
431,What is the value of p in 24 = 2p?,p = 4,p = 8,p = 12,p = 24,2
432, What does Pence think is an appropriate standard for the safety of SCNT before it should be allowed?,There should be no standards for safety.,SCNT should not be allowed unless a healthy baby could be guaranteed.,SCNT should be allowed when it falls within the range of risks that is accepted by ordinary people in sexual reproduction.,none of the above,2
433,"For which of these two scenarios does the main character (who uses I/me/my) do something clearly morally wrong, according to ordinary moral standards in the US as of 2020? Scenario 1 | I pushed the small children off the swing set. Scenario 2 | I covered up the truth about their employee spreading fake news.","Wrong, Wrong","Wrong, Not wrong","Not wrong, Wrong","Not wrong, Not wrong",0
434,"According to Moore, the most fundamental question in all of ethics is:",whether life is worth living.,whether God exists.,how “good” is to be defined.,whether morality is objective.,2
435,"How does agricultural research help reduce hunger and poverty?
",Transnational private-sector firms are the main source of research oriented towards poor farmers and consumers.,Agricultural research mainly benefits commercial farmers in developed countries.,Research focused on the problems of poor farmers and consumers is a 'public good' with little profit potential but high social benefits; public investment is needed to support it.,Pro-poor research should only focus on organic farming.,2
436,"A criminal defendant was convicted of robbery and sentenced to ten years in prison, starting on Jan. 1, 2000. Sec. 204 of the state penal code provided for early release for good behavior, and under that provision he would have been granted supervised release as of Jan. 1, 2007. On Feb. 1, 2006, the state legislature repealed Sec. 204 and passed Sec. 205a. It reduced the good time credits for anyone convicted from that date onward, and also for anyone in prison as of the date of the section's passage. The new release date was calculated to be Jan. 1, 2009. The criminal defendant brought a habeas corpus action arguing that Sec. 205a was an unenforceable ex post facto law as to him. The state courts turned him down saying that good time credit was a privilege and not a vested right. The case ultimately came before the U.S. Supreme Court. Did the Supreme Court invalidate Sec. 205a as an unconstitutional ex post facto law?","No, because good time credits were an act of grace that could be taken away at any time.","Yes, because it retrospectively increased the punishment over what was in effect when the offense was committed.","Yes, because the legislature does not have the authority to pass a law that decreases good time credits for prisoners.","No, the criminal defendant did not have a vested right in the early release date.",1
437,"A motorcycle collector and his friend had known each other for years. The collector sent a letter to the friend that said, ""I am willing to sell you my oldest motorcycle for $4,000."" The friend sent the collector an email saying, ""I accept your offer."" The collector owned three motorcycles: a 1985 model, a 1987 model, and a 1992 model. The friend did not know about the 1985 model, which was the one the collector intended to sell. The collector was unaware that the friend intended to buy the 1987 model. When the collector tendered the 1985 model, the friend refused to accept it. Is the friend likely to prevail in a breach of contract suit against the collector?","No, because by not inquiring further about the meaning of the phrase ""oldest motorcycle,"" the friend assumed the risk of being mistaken.","No, because neither the friend nor the collector had reason to know of the other's interpretation of the words ""oldest motorcycle.""","Yes, so long as a reasonable person in the friend's position would have considered the letter as referring to the 1987 model.","Yes, because the friend had no reason to know of the collector's meaning and the collector could have avoided the confusion by more careful drafting.",1
438,Kant claims that the moral law is given to each person by:,society.,one’s own will.,God.,Nature.,1
439,"Susan is a first-grade student who is referred to the school psychologist because she will not remain seated at her desk. Her teacher reports that Susan is ""always getting up and walking around the room."" What observation data is LEAST relevant to the referral concern?",Frequency,Duration,Intensity,Peer comparison,2
440,"Andrew wrote the number 186,425 on the board. In which number is the value of the digit 6 exactly 10 times the value of the digit 6 in the number Andrew wrote?","681,452","462,017","246,412","125,655",1
441,Which of the following appears to remain relatively stable over the adult years?,Sensory memories,Personal concerns,Marital strain,Job satisfaction,0
442,"In a trial of a defendant for armed bank robbery, the prosecutor presented overwhelming evidence of guilt. Three tellers identified the defendant as the robber, a latent fingerprint found on the bank counter linked the defendant to the scene, and bank money had been found in the defendant's car. The police had arrested the defendant immediately after the robbery, as the defendant was driving away from the bank. the bank. When the prosecution rested its case, the judge directed the jury to return a verdict of guilty. The defense attorney did not object at the time. The jury withdrew, discussed the case, and agreed to a guilty verdict. The jury returned to the courtroom and announced the guilty verdict. The defense attorney then voiced an objection to the judge's having directed the verdict. The court overruled the objection and sentenced the defendant to 20 years in prison. On appeal, what should the appellate court do?","Affirm the conviction, because the defense attorney failed to timely object to the judge's action.","Affirm the conviction, because the prosecution presented both circumstantial and direct evidence conclusively establishing the defendant's guilt.","Reverse the conviction, because the defense attorney's failure to timely object to the judge's action constituted ineffective assistance of counsel.","Reverse the conviction, because the judge's action in directing the verdict denied the defendant his constitutional right to a trial by jury.",3
443,Which of the following statements best characterizes short-term memory,It processes only raw sensory data,Its span is limited by the number and form of the items presented,It is relatively unaffected by interference,It is the initial level of processing of sensory information,1
444,"In the formation of the earliest cells, which of the following components most likely arose first?",Nucleus,Plasma membrane,Mitochondrion,Flagellum,1
445,"What is the term for a process that enables an organisation to assess and demonstrate its social, economic, and environmental benefits and limitation?",Social plan,Social strategy,Social audit,Social account,2
446,"A homeowner entered into a contract with an insurance company to purchase a fire insurance policy for her new home. The policy provided that the insurance company promised to pay up to $500,000 if the said house was destroyed by fire or fire-related explosion, while the homeowner promised to pay a quarterly premium of $400. The homeowner failed to make the last two quarterly payments before her house burned to the ground. The insurance company refused to pay the homeowner for the loss because of her failure to make the last premium payments. In an action by the homeowner against the insurance company to recover for the loss of her house, the homeowner's best theory of recovery is that","although she failed to make the last two premium payments, there was a bargained-for exchange.",the insurance company's duty to pay was not expressly conditioned on the homeowner's duty to make the payments.,the insurance company was under an independent duty to pay for the loss.,the homeowner did not receive notice of cancellation.,2
447,"According to Cicero, immorality is __________, and expediency is __________.",repugnant to Nature; repugnant to Nature.,repugnant to Nature; in accord with Nature.,in accord with Nature; repugnant to Nature.,in accord with Nature; in accord with Nature.,1
448,"Nitrites are added to processed meats mainly to prevent the growth of the following genus of microorganisms
",salmonella,clostridium,listeria,campylobacter,1
449,Another name for hasty generalization is,false criteria,secundum quid,anecdotal evidence,ad crumenam,1
450,"This question refers to the following information.
O ye who believe! Strong drink and games of chance and idols… are only an infamy of Satan's handiwork. Leave it aside in order that ye may succeed.
the Qur'an, Sura 5: 89
When once you hear the roses are in bloom,
Then is the time, my love, to pour the wine.
the Rubáiyát of Omar Khayyám
The tone of the first verse best reflects which of the following modes of religious discourse?",A puritanical injunction to adhere to a strict code of conduct,An ecumenical call for religious tolerance,A sermon about respecting political authority,A spirited attempt to convert non-believers,0
451,"It is possible to reduce (though not eliminate) information bias in assessment of dietary intake by
",gathering information about many different aspects of people's dietary habits.,"collecting data about dietary intake at the onset of a study, before people have experienced symptoms of disease.",collecting data on all possible confounders.,making sure that the study sample is representative of the population.,1
452,According to Austin the science of jurisprudence is concerned with,Morality,Positive law,Divine law,Natural law,1
453, Which of the following is not an objection that Kass makes against cloning?,It constitutes unethical experimentation.,It threatens identity and individuality.,It will produce harmful biological mutations as clones produce further clones.,It perverts our values concerning parenthood and the raising of children.,2
454,"By definition, the electric displacement current through a surface S is proportional to the",magnetic flux through S,rate of change of the magnetic flux through S,time integral of the magnetic flux through S,rate of change of the electric flux through S,3
455,"If the government wants to establish a socially optimal price for a natural monopoly, it should select the price at which",average revenue equals zero,marginal revenue equals zero,the marginal cost curve intersects the demand curve,the average total cost curve intersects the demand curve,2
456,"Federal election laws require that, in","an area that has a substantial community of non-English speakers, voters be provided with ballots in their native language","an electoral district that has historically low voter turnout, polling places be open for longer than the typical work day","a state with a budget deficit, a tax be collected from each voter to pay for the cost of the election","a region with racial diversity, congressional district lines be drawn to guarantee that at least one elected congressperson be of a racial minority",0
457,Which of the following accurately states the order of the transmission of visual information?,Optic nerve; ganglion cells; bipolar cells; rods and cones,Bipolar cells; ganglion cells; fovea; optic nerve,Rods and cones; retina; optic nerve; ganglion cells,Rods and cones; bipolar cells; ganglion cells; optic nerve,3
458,Self-control procedures such as those used for controlling alcohol abuse are most easily implemented,early in a response chain,when the drive level is strongest,when competing behaviors are least likely,as close to the point of reinforcements possible,1
459,"For which of these two scenarios does the main character (who uses I/me/my) do something clearly morally wrong, according to ordinary moral standards in the US as of 2020? Scenario 1 | I dropped the baby after I was done feeding it. Scenario 2 | I drove through the red light","Wrong, Wrong","Wrong, Not wrong","Not wrong, Wrong","Not wrong, Not wrong",0
460,Surveys of older adults who are living together show that they tend to view cohabitation as,A first step toward eventual marriage,An alternative to marriage,A way to save on expenses,Their swan song,1
461, Advocates of care ethics argue that,care ethics is an important development of virtue ethics.,that traditional moral theories have difficulty explaining the rightness or wrongness of attitudes.,that the only important more concepts are care and compassion.,that we should think about welfare and happiness in terms of sympathy.,1
462,"After applying a regularization penalty in linear regression, you find that some of the coefficients of w are zeroed out. Which of the following penalties might have been used?",L0 norm,L1 norm,L2 norm,either (a) or (b),3
463,How many children between the ages of 5-14 worked globally as of 2012?,5 million,30 million,150 million,500 million,2
464,The Nation of Islam group appealed to:,British-born second generation immigrants from the Asian subcontinent,White Americans who wanted to convert to Islam,African-Americans who felt excluded from the 'ethnic melting pot' in the USA,African-Caribbeans who lived in the inner cities and had a distinctive youth culture,2
465,Strut Co. has a payable to its parent Plane Co. In which of the following balance sheets should this payable be reported separately? Strut's Plane's consolidated balance sheet balance sheet,Yes Yes,Yes No,No Yes,No No,1
466,"This question refers to the following information.
""In Northern India the existence of separate States at this period is usually little more than a question of words. A zamindar who paid revenue to the Mogul was clearly in a position of dependence, and if he wished to establish a claim to sovereignty, the first step was to refuse, or omit to pay revenue. Such an omission might, however, arise from various other causes, and it is probable that in Rajputana, Central India, and Chota Nagpur there were numerous chiefs and tribes occupying what constitutional lawyers would regard as an anomalous position, sometimes paying the stipulated revenue, sometimes in open rebellion, and sometimes enjoying practical independence because the Mogul authorities found it inconvenient to undertake active measures of coercion.""
W.H. Moreland, India at the Death of Akbar, 1920
Zamindars had an ability ""to establish a claim to sovereignty"" largely due to the Mughal Empire's policy of",religious toleration,universal taxation,martial law,suffrage,0
467,"For which of these two scenarios does the main character (who uses I/me/my) do something clearly morally wrong, according to ordinary moral standards in the US as of 2020? Scenario 1 | I offered the babysitter extra money to stay late. Scenario 2 | I went skinny-dipping in the ocean, while no one was at the beach.","Wrong, Wrong","Wrong, Not wrong","Not wrong, Wrong","Not wrong, Not wrong",3
468,A second-year college student is usually called a what?,sophomore,senior,freshman,junior,0
469,"After a neuron has fired,",a resting potential returns,a graded potential is formed,an action potential occurs,hyperpolarization results,2
470,The correlation between two sets of test scores indicates the,extent to which skill in one test results in skill in another,accuracy of the two sets of test scores,extent to which skill in both tests is the result of a third skill,proportion of variance in one test associated with variance in the other test,3
471,Which of the following HPV viruses are known to cause cervical cancer?,Viruses of all 5 clades,"Types 14, 16, 18, 31, 45",None are oncogenic per se,Types 1-180,2
472, What is a central component of tantric Buddhism?,Asceticism,Bodily pleasure,Music,Sexual union,3
473,"Many retail brands adopt a single umbrella brand, based on the name of the organization. This is referred to as:",Family branding.,Corporate brands.,Individual branding.,Manufacturer brand.,1
474,"This question refers to the following information.
""Some men look at constitutions with sanctimonious reverence, and deem them like the ark of the covenant, too sacred to be touched. They ascribe to the men of the preceding age a wisdom more than human, and suppose what they did to be beyond amendment….But I know also, that laws and institutions must go hand in hand with the progress of the human mind. As that becomes more developed, more enlightened, as new discoveries are made, new truths disclosed, and manners and opinions change with the change of circumstances, institutions must advance also, and keep pace with the times.""
Thomas Jefferson, 1816
Which of the following best describes a contributing factor in the crafting of the United States Constitution?","Individual state constitutions written at the time of the Revolution tended to cede too much power to the federal government, leading to a call for reform on the part of Anti-Federalists.",The weaknesses of the Articles of Confederation led James Madison to question their efficacy and prompted a formation of the Constitutional Congress in 1787,Difficulties over trade and foreign relations led to a repeal of overly restrictive tariffs required by the Articles of Confederation.,Washington's embarrassing failure at the Whiskey Rebellion led to Federalist demands for a new framework for federal power.,1
475,"For which of these two scenarios does the main character (who uses I/me/my) do something clearly morally wrong, according to ordinary moral standards in the US as of 2020? Scenario 1 | I turned the AC off and left my dog in the car. Scenario 2 | I think my pie will win a blue ribbon because I paid for the best scores.","Wrong, Wrong","Wrong, Not wrong","Not wrong, Wrong","Not wrong, Not wrong",0
476,"Humanistic and existential therapists view ulcers, hypertension, and tension headaches as",strictly physical phenomena,symptoms of a loss of contact with personal values,"perceived, rather than actual, physical symptoms",responses to specific stressors in the physical environment,1
477,Why should a patient stand or sit as upright as possible when recording a peak flow rate?,To ensure best lung expansion and accuracy and consistency of readings.,This is the most comfortable position to perform any breathing test.,The counter on the meter will not move if the patient is lying down.,To ensure that their technique can be observed easily.,0
478,The purpose for the creation of NATO was to,defend North America and Western Europe against the threat of communism.,form an economic alliance for trade between Europe and North America.,defend Europe against a second Nazi invasion.,defend northern Europe against Chinese missiles.,0
479,"This question refers to the following information.
""To slacken the tempo would mean falling behind. And those who fall behind get beaten. But we do not want to be beaten. No, we refuse to be beaten! One feature of the history of old Russia was the continual beatings she suffered because of her backwardness. She was beaten by the Mongol khans. She was beaten by the Turkish beys. She was beaten by the Swedish feudal lords. She was beaten by the Polish and Lithuanian gentry. She was beaten by the British and French capitalists. She was beaten by the Japanese barons. All beat her––because of her backwardness, because of her military backwardness, cultural backwardness, political backwardness, industrial backwardness, agricultural backwardness. They beat her because it was profitable and could be done with impunity. You remember the words of the pre-revolutionary poet: ""You are poor and abundant, mighty and impotent, Mother Russia."" Those gentlemen were quite familiar with the verses of the old poet. They beat her, saying: ""You are abundant,"" so one can enrich oneself at your expense. They beat her, saying: ""You are poor and impotent,"" so you can be beaten and plundered with impunity. Such is the law of the exploiters––to beat the backward and the weak. It is the jungle law of capitalism. You are backward, you are weak––therefore you are wrong; hence you can be beaten and enslaved. You are mighty––therefore you are right; hence we must be wary of you.
That is why we must no longer lag behind.""
Joseph Stalin, speech delivered at the first All-Union Conference of Leading Personnel of Socialist Industry, February 4, 1931
The reference to the ""continual beatings"" most directly supports which of the following decisions in later Soviet foreign policy?",The invasion of Afghanistan,The creation of the Warsaw Pact,The imposition of the Brezhnev Doctrine against anti-Soviet protesters in Europe,The declaration of war against Japan at the end of World War II,1
480,The first point of entry of water at the roots of a monocot plant is through the cytoplasm of cells of the,root cap,Casparian strip,pericycle,endoderm,3
481,"The peak of Minoan civilization, from 3650 to 3420 B.P., was bracketed by what two events?",the founding of the Minos dynasty and the invasion of the Mycenaeans,an earthquake and a volcanic eruption,"the discovery of bronze on the island, and the replacement of bronze by iron","the invasion of Troy, and the surrender to the Romans",1
482,"Suppose $a$, $b,$ and $c$ are positive numbers satisfying $a^2/b = 1, b^2/c = 2, c^2/a = 3$. Find $a$.",12^(1/7),7^(1/12),1,6,0
483,Wayne W. tells Dr. Pete Pannick that his partner is threatening to harm Dr. Panniclc because he's not happy with the advice that Wayne is getting in therapy. Dr. Panniclc knows that Wayne's partner has engaged in violent behavior in the past and believes the threat is serious. Dr. Panniclc:,should continue to see Wayne in therapy and ask Wayne to bring his partner to the next session to discuss the situation.,"should continue seeing Wayne in therapy but, with his permission, contact the police to discuss the threat.",may terminate therapy with Wayne but only after providing him with pre-termination counseling and appropriate referrals.,may terminate therapy with Raymond.,3
484,"For which of these two scenarios does the main character (who uses I/me/my) do something clearly morally wrong, according to ordinary moral standards in the US as of 2020? Scenario 1 | I pushed the elderly woman around the park. Scenario 2 | I poured my daughter her a bowl of cement and told her to eat it.","Wrong, Wrong","Wrong, Not wrong","Not wrong, Wrong","Not wrong, Not wrong",2
485,"A company owned a night club that was built on a pier extending into a major riverbed. For several months sections of the building had been wobbling noticeably, particularly during inclement weather, when the river pounded more aggressively against the structure. Several employees and customers complained but the general manager did not respond. One windy night a section of the pier collapsed into the river, killing 28 customers and employees. It was revealed that officials had on several prior occasions cited the club for violating applicable safety regulations. The police arrested the general manager and charged him with involuntary manslaughter. He defended on the basis that his omissions to act were legally insufficient to establish manslaughter. What will the court decide?",This was not manslaughter because the omission to respond to safety citations is not enough to establish the high degree of criminal negligence that is required.,"The failure to act is much less culpable than active recklessness, and therefore there was insufficient evidence to charge manslaughter.",A corporate employee cannot be prosecuted for the crime of manslaughter with respect to the performance or nonperformance of his duties on behalf of the corporation.,The charge of involuntary manslaughter is legally sufficient because the manager's omissions were reckless and unlawful under the circumstances.,3
486,London dispersion forces are caused by,temporary dipoles created by the position of electrons around the nuclei in a molecule,the three-dimensional intermolecular bonding present in all covalent substances,the uneven electron-to-proton ratio found on individual atoms of a molecule,the electronegativity differences between the different atoms in a molecule,0
487,"The attorney for a plaintiff in an action filed in federal district court served the defendant with the summons, the complaint, and 25 interrogatories asking questions about the defendant's contentions in the case. The interrogatories stated that they were to be answered within 30 days after service. The defendant is likely to succeed in obtaining a protective order on which of the following grounds?","Interrogatories are only proper to discover facts, not contentions.",Interrogatories may not be served until an answer to the complaint is filed.,Interrogatories may not be served until the parties have conferred to arrange for initial disclosures and prepare a discovery plan.,The interrogatories exceed the number permitted without permission from the court or an agreement between the parties.,2
488,Most of the free fatty acids are transported in the blood:,inside the red blood cells.,as lipoproteins.,combined with glucose.,bound to albumin.,3
489,Where is the crater from the impact that is believed to be responsible for the mass extinction of dinosaurs 65 million years ago?,Tunguska Siberia.,Chicxulub Crater Yucatan Peninsula in Mexico.,Quebec Canada.,Meteor Crater in Arizona.,1
490,Your aunt runs a small firm from her home making apple pies. She hires some friends to help her. Which of the following situations would most likely increase her demand for labor?,The price of apple peelers/corers rises.,"Your aunt’s friends gossip all day, slowing their dough-making process.",There is a sale on ovens.,A new study reveals that apples increase your risk of cancer.,2
491,The print revolution of the nineteenth century resulted in:,"mass production, mass circulation, and the decline of serious content",the public ownership of newspapers as a shared resource,more people going to the cinema as a new leisure activity,a reduction of 'virtual communities' on the Internet,0
492,"For which of these two scenarios does the main character (who uses I/me/my) do something clearly morally wrong, according to ordinary moral standards in the US as of 2020? Scenario 1 | I borrowed him money, and he paid me back. Scenario 2 | I sang and cheered from my seat at the wake.","Wrong, Wrong","Wrong, Not wrong","Not wrong, Wrong","Not wrong, Not wrong",2
493,"For which of these two scenarios does the main character (who uses I/me/my) do something clearly morally wrong, according to ordinary moral standards in the US as of 2020? Scenario 1 | I wanted my boyfriend to appreciate me, so I waxed his car. Scenario 2 | I knew there was not enough food to go around, so I insisted on being the first in line.","Wrong, Wrong","Wrong, Not wrong","Not wrong, Wrong","Not wrong, Not wrong",2
494,Which of the following is the best example of a categorical variable?,Intelligence,Disposition,Optimism,Gender,3
495,"For which of these two scenarios does the main character (who uses I/me/my) do something clearly morally wrong, according to ordinary moral standards in the US as of 2020? Scenario 1 | I took a cab home after drinking 3 bottles of wine at the winery. Scenario 2 | I hit on her at the party.","Wrong, Wrong","Wrong, Not wrong","Not wrong, Wrong","Not wrong, Not wrong",3
496,Which of the following is true of federal judges?,They serve four-year terms that coincide with the presidential term.,They are appointed for life and can only be removed by impeachment.,They are elected by Congress and serve ten-year terms.,They are appointed for life and cannot be removed from office.,1
497,Micromarketing is directed at potential buyers who,have excess disposable income,are between the ages of 8 and 14,share similar attitudes and behaviors,have opted out of customized marketing,2
498,Which of the following is an important outcome of the 'energy security nexus'?,Attempts to exert control over energy reserves in the South have consequences for the sustainability of cooperation between core powers; the emergence of geopolitical rivalries over this form of control has implications for international security.,All of these options.,"United by common insecurities concerning the production and supply of energy resources, international actors are forced into negotiation and cooperation between states increases.","By virtue of their energy resources to which the global 'North' desires access, states in the 'South' gain power in the international arena and have redressed the global North-South divide and associated inequalities.",0
499,"Over the years, a coin collector had amassed a large and valuable collection. On May 1, the collector sent the following letter to a retailer who had long coveted the collector's coin collection:""I've decided to part with my coin collection. Since you've always been interested in purchasing my collection for your store, I'll sell you my entire collection for $50,000. You have until May 15 to make up your mind. ""The retailer received this letter on May 3. On May 10, without notif'ing the retailer, the collector sold her coin collection to a novice collector, for $60,000. The next day, the collector sent a letter to the retailer, regretfully informing him that she had sold the coin collection. This letter was received by the retailer on May 13. However, on May 12, the retailer read an article on the internet, published by a reputable site that reports coin collecting news, concerning the collector's sale of her coin collection to the novice collector. After reading the article, the retailer immediately sent an e-mail to the collector accepting her offer to buy the coin collection. This e-mail was read by the collector that same afternoon, May 12. In all likelihood was the retailer's e-mail to the collector on May 12 effective as an acceptance?","Yes, because the collector's May 11 letter did not effectuate a revocation, since it was not received by the retailer until May 13.","Yes, because consideration is not necessary under the UCC for the creation of a sale of goods contract.","No, because the collector's sale of the coin collection on May 10 terminated the retailer's power of acceptance.","No, because the retailer's reading the article on the internet on May 12 terminated the retailer's power of acceptance.",3
